-- Ce script permet d'inserer des données necessaires pour le tables bien_immo, indice_insee, nouvelles_donnees et transactions

-- Insertion des données dans la table bien_immo
INSERT INTO bien_immo (
id_bien, valeur_fonciere_actuelle, no_voie, bis_ter_quater, type_de_voie, code_voie, voie, code_postal, commune, code_departement, code_commune, surface, type, nb_pieces
)
VALUES
(548, 135700.0, 10, NULL, 'RUE', 40, 'AMPERE', 1100.0, 'OYONNAX', 1, 283, 68.11, 'Appartement', 2),
(620,82500,1,NULL,'ALL',14,'ALBERT CAMUS',1200,'VALSERHONE',1,33,58.3,'Appartement',2),
(621,181970,54,NULL,'RUE',32,'ANTOINE JACQUET',1200,'VALSERHONE',1,33,88.83,'Appartement',4),
(722,358000,59,NULL,'RUE',40,'ALEXANDRE BERARD',1500,'AMBERIEU-EN-BUGEY',1,4,164.87,'Appartement',6),
(723,188000,54,'B','RUE',120,'ARISTIDE BRIAND',1500,'AMBERIEU-EN-BUGEY',1,4,70.45,'Appartement',3),
(627,97000,7,NULL,'AV',760,'ANDRE GILLIER',10120,'SAINT ANDRE LES VERGERS',10,333,90.81,'Appartement',5),
(663,49000,7,NULL,'RUE',40,'ARISTIDE BRIAND',10300,'SAINTE SAVINE',10,362,38.02,'Appartement',2),
(708,89000,18,'T','AV',220,'ANATOLE FRANCE',10000,'TROYES',10,387,92.08,'Appartement',4),
(709,49900,3,NULL,'PL',284,'ARISTIDE MAILLOL',10000,'TROYES',10,387,44.63,'Appartement',1),
(710,57000,3,NULL,'RUE',290,'ARNAUD',10000,'TROYES',10,387,21.22,'Appartement',1),
(244,100500,11,NULL,'AV',6,'ALAIN GERBAULT',11560,'FLEURY D AUDE',11,145,36.32,'Appartement',3),
(496,83000,97,NULL,'RUE',16,'ANTOINE FUET',11210,'PORT-LA-NOUVELLE',11,266,44.31,'Appartement',2),
(497,104000,117,NULL,'RUE',16,'ANTOINE FUET',11210,'PORT-LA-NOUVELLE',11,266,46.47,'Appartement',2),
(1003,29000,4,NULL,'RUE',275,'ANTOINE DE SAINT EXUPERY',11000,'CARCASSONNE',11,69,35.6,'Appartement',2),
(1004,11000,1,NULL,'AV',370,'ARTHUR MULLOT',11000,'CARCASSONNE',11,69,28.8,'Appartement',1),
(388,201470,5455,'F','BD',71,'ANGE MARTIN',13190,'ALLAUCH',13,2,67.92,'Appartement',3),
(7,127000,28,NULL,'RUE',74,'ADOLPHE THIERS',13001,'MARSEILLE 1ER',13,201,46.81,'Appartement',2),
(8,172000,57,NULL,'RUE',74,'ADOLPHE THIERS',13001,'MARSEILLE 1ER',13,201,53.66,'Appartement',3),
(10,48500,52,NULL,'BD',231,'ALLEMAND',13003,'MARSEILLE 3EME',13,203,35.77,'Appartement',1),
(11,195000,62,NULL,'RUE',128,'ALBE',13004,'MARSEILLE 4EME',13,204,101.98,'Maison',2),
(12,76800,4,NULL,'RUE',192,'ALEXIS CARREL',13004,'MARSEILLE 4EME',13,204,35.97,'Appartement',2),
(13,131100,8,NULL,'RUE',192,'ALEXIS CARREL',13004,'MARSEILLE 4EME',13,204,56.07,'Appartement',3),
(14,68000,2,NULL,'RUE',478,'ARCHIMEDE',13004,'MARSEILLE 4EME',13,204,26.58,'Appartement',1),
(15,116590,132,NULL,'RUE',18,'ABBE DE L EPEE',13005,'MARSEILLE 5EME',13,205,40.03,'Appartement',3),
(17,290800,26,NULL,'RUE',168,'ALDEBERT',13006,'MARSEILLE 6EME',13,206,84.09,'Appartement',4),
(18,370000,33,NULL,'RUE',168,'ALDEBERT',13006,'MARSEILLE 6EME',13,206,81.92,'Appartement',3),
(19,209000,10,NULL,'BD',359,'ANDRE AUNE',13006,'MARSEILLE 6EME',13,206,68,'Appartement',4),
(20,106512,57,NULL,'BD',359,'ANDRE AUNE',13006,'MARSEILLE 6EME',13,206,41.77,'Appartement',2),
(25,192000,13,NULL,'ALL',130,'ALBENIZ',13008,'MARSEILLE 8EME',13,208,105.11,'Appartement',6),
(26,230000,31,NULL,'ALL',130,'ALBENIZ',13008,'MARSEILLE 8EME',13,208,74.85,'Appartement',4),
(27,105000,41,NULL,'AV',373,'ANDRE ZENATTI',13008,'MARSEILLE 8EME',13,208,29,'Appartement',1),
(28,190000,41,NULL,'AV',373,'ANDRE ZENATTI',13008,'MARSEILLE 8EME',13,208,46.02,'Appartement',2),
(29,93350,221,NULL,'VC',350,'ANCIEN CHEM DE CASSIS',13009,'MARSEILLE 9EME',13,209,21.19,'Appartement',1),
(30,56500,2,NULL,'RUE',422,'ANTOINE BLANC',13010,'MARSEILLE 10EME',13,210,17.8,'Appartement',1),
(31,107500,32,NULL,'RUE',380,'ANDRE AUDOLI',13010,'MARSEILLE 10EME',13,210,111.38,'Appartement',6),
(32,143970,36,NULL,'RUE',380,'ANDRE AUDOLI',13010,'MARSEILLE 10EME',13,210,61.52,'Appartement',3),
(33,224850,14,NULL,'RUE',383,'ANGELE',13011,'MARSEILLE 11EME',13,211,62.51,'Appartement',3),
(34,81500,92,NULL,'RUE',256,'ALPHONSE DAUDET',13013,'MARSEILLE 13EME',13,213,35.8,'Appartement',1),
(35,79500,101,NULL,'RUE',256,'ALPHONSE DAUDET',13013,'MARSEILLE 13EME',13,213,64.45,'Appartement',4),
(36,83000,112,NULL,'RUE',256,'ALPHONSE DAUDET',13013,'MARSEILLE 13EME',13,213,52.76,'Appartement',2),
(37,160000,1,NULL,'RUE',376,'ANDRE ISAIA',13013,'MARSEILLE 13EME',13,213,80.56,'Appartement',4),
(38,208000,19,NULL,'BD',161,'ALBIN BANDINI',13016,'MARSEILLE 16EME',13,216,62.12,'Maison',3),
(526,72200,3,NULL,'RUE',63,'ANTOINE PIRRODI',13600,'LA CIOTAT',13,28,29.29,'Appartement',1),
(527,73000,11,NULL,'RUE',63,'ANTOINE PIRRODI',13600,'LA CIOTAT',13,28,23.07,'Appartement',2),
(528,106000,210,NULL,'CHE',77,'ARENE CROS',13600,'LA CIOTAT',13,28,22.13,'Appartement',1),
(529,107000,210,NULL,'CHE',77,'ARENE CROS',13600,'LA CIOTAT',13,28,27.9,'Appartement',1),
(530,90000,250,NULL,'CHE',77,'ARENE CROS',13600,'LA CIOTAT',13,28,20.78,'Appartement',2),
(531,91500,250,NULL,'CHE',77,'ARENE CROS',13600,'LA CIOTAT',13,28,21.76,'Appartement',1),
(532,141920,250,NULL,'CHE',77,'ARENE CROS',13600,'LA CIOTAT',13,28,27.9,'Appartement',1),
(533,185000,250,NULL,'CHE',77,'ARENE CROS',13600,'LA CIOTAT',13,28,35.58,'Appartement',2),
(534,280000,250,NULL,'CHE',77,'ARENE CROS',13600,'LA CIOTAT',13,28,44.71,'Appartement',2),
(641,95000,4,NULL,'RUE',5,'ANCIEN HOTEL DE VILLE',13430,'EYGUIERES',13,35,51.24,'Appartement',3),
(834,104146.67,10,NULL,'AV',60,'ALICE',13400,'AUBAGNE',13,5,56.04,'Appartement',4),
(1042,293790,9412,NULL,'BD',100,'ANDRE MALRAUX',13380,'PLAN DE CUQUES',13,75,95.25,'Appartement',5),
(1043,232000,9421,NULL,'BD',100,'ANDRE MALRAUX',13380,'PLAN DE CUQUES',13,75,82.98,'Appartement',4),
(1044,210000,9090,NULL,'BD',110,'ANGE DELESTRADE',13380,'PLAN DE CUQUES',13,75,62.94,'Appartement',3),
(427,75400,3,NULL,'AV',12,'ALFRED ROUSSEAU',14800,'DEAUVILLE',14,220,18.8,'Appartement',1),
(628,146500,24,NULL,'CRS',30,'ALBERT MANUEL',14600,'HONFLEUR',14,333,46.94,'Appartement',2),
(629,135000,10,NULL,'PL',40,'ALBERT SOREL',14600,'HONFLEUR',14,333,48,'Appartement',3),
(633,161000,21,'B','RUE',120,'ARISTIDE RENAULT',14510,'HOULGATE',14,338,37.28,'Appartement',2),
(1015,47500,38,NULL,'AV',20,'ARISTIDE BRIAND',14800,'TOUQUES',14,699,22.56,'Appartement',1),
(1016,59000,38,NULL,'AV',20,'ARISTIDE BRIAND',14800,'TOUQUES',14,699,29.34,'Appartement',2),
(1032,247750,2,NULL,'RUE',60,'AMIRAL DE MAIGRET',14360,'TROUVILLE-SUR-MER',14,715,33.09,'Appartement',2),
(1033,270000,5,NULL,'RUE',60,'AMIRAL DE MAIGRET',14360,'TROUVILLE-SUR-MER',14,715,74.21,'Appartement',3),
(570,120000,8,NULL,'RUE',50,'ADMYRAULD',17000,'LA ROCHELLE',17,300,29.25,'Appartement',1),
(571,112600,68,NULL,'RUE',225,'ALFRED KASTLER',17000,'LA ROCHELLE',17,300,21.72,'Appartement',1),
(572,133000,13,NULL,'RUE',400,'ANDRE GABARET',17000,'LA ROCHELLE',17,300,35.95,'Appartement',2),
(739,116200,2,NULL,'RUE',170,'ANDRE LEMOYNE',17100,'SAINTES',17,415,70.05,'Appartement',3),
(740,70000,67,NULL,'RUE',200,'ARC DE TRIOMPHE',17100,'SAINTES',17,415,46.63,'Appartement',2),
(622,91000,24,'A','RUE',65,'AGNES SOREL',18000,'BOURGES',18,33,63.97,'Appartement',3),
(623,46000,7,NULL,'RUE',195,'ARTHUR RIMBAUD',18000,'BOURGES',18,33,44.77,'Appartement',2),
(583,79000,10,NULL,'AV',170,'ALSACE LORRAINE',19100,'BRIVE LA GAILLARDE',19,31,70.1,'Appartement',3),
(737,365000,21,NULL,'RUE',45,'AMPERE',2000,'LAON',2,408,88.14,'Maison',4),
(1064,103090,17,NULL,'RUE',20,'ALEXANDRE DUMAS',2600,'VILLERS-COTTERETS',2,810,89.56,'Appartement',3),
(280,190000,33,NULL,'RUE',50,'ANATOLE LE BRAZ',22700,'PERROS-GUIREC',22,168,54.42,'Appartement',2),
(281,64000,65,NULL,'RUE',50,'ANATOLE LE BRAZ',22700,'PERROS-GUIREC',22,168,25.28,'Appartement',1),
(338,274100,29,NULL,'RUE',20,'ADOLPHE LE BAIL',22190,'PLERIN',22,187,179.3,'Appartement',3),
(339,343000,29,NULL,'RUE',20,'ADOLPHE LE BAIL',22190,'PLERIN',22,187,205.2,'Appartement',5),
(523,40000,8,NULL,'RUE',110,'ALFRED DE VIGNY',22000,'SAINT-BRIEUC',22,278,67.24,'Appartement',4),
(524,24850,18,NULL,'RUE',110,'ALFRED DE VIGNY',22000,'SAINT-BRIEUC',22,278,61.96,'Appartement',3),
(525,45000,20,NULL,'RUE',110,'ALFRED DE VIGNY',22000,'SAINT-BRIEUC',22,278,54.59,'Appartement',2),
(839,65500,9,NULL,'BD',45,'ANDRE AUBERT',22100,'DINAN',22,50,69.43,'Appartement',3),
(607,87000,1,NULL,'RUE',70,'ALARY',24000,'PERIGUEUX',24,322,61.61,'Appartement',3),
(608,93000,1,NULL,'RUE',70,'ALARY',24000,'PERIGUEUX',24,322,55.22,'Appartement',3),
(609,123440,52,NULL,'BD',160,'AMPERE',24000,'PERIGUEUX',24,322,87.73,'Appartement',4),
(610,80000,9,NULL,'RUE',220,'ANDRE SAIGNE',24000,'PERIGUEUX',24,322,51.84,'Appartement',2),
(673,38000,1,NULL,'AV',250,'ARISTIDE BRIAND',24100,'BERGERAC',24,37,24.78,'Appartement',1),
(894,123000,2,NULL,'RUE',80,'ALEXIS CHOPARD',25000,'BESANCON',25,56,62.92,'Appartement',3),
(71,71000,20,NULL,'AV',20,'ADRIEN FAYOLLE',26400,'CREST',26,108,56.92,'Appartement',3),
(72,75000,20,NULL,'AV',20,'ADRIEN FAYOLLE',26400,'CREST',26,108,67.73,'Appartement',4),
(278,97000,44,NULL,'AV',10,'ALBERT MAZADE',26250,'LIVRON SUR DROME',26,165,62.01,'Appartement',4),
(376,75000,9,NULL,'RUE',25,'ALBERT CAMUS',26200,'MONTELIMAR',26,198,72.12,'Appartement',4),
(377,101500,23,NULL,'RUE',195,'ARTHUR RIMBAUD',26200,'MONTELIMAR',26,198,68.69,'Appartement',3),
(449,90000,9002,NULL,'RUE',51,'ALBERT CAMUS',26700,'PIERRELATTE',26,235,86.52,'Appartement',4),
(537,166000,3,'B','RUE',20,'ALBERT TRIBOULET',26100,'ROMANS-SUR-ISERE',26,281,100.69,'Maison',4),
(538,53900,1,NULL,'RUE',30,'ALEXANDRE DUMAS',26100,'ROMANS-SUR-ISERE',26,281,56.54,'Appartement',3),
(539,67000,15,NULL,'RUE',50,'ALPHONSE DAUDET',26100,'ROMANS-SUR-ISERE',26,281,73.88,'Appartement',4),
(540,70000,2,NULL,'RUE',70,'AMIRAL COURBET',26100,'ROMANS-SUR-ISERE',26,281,52.4,'Appartement',2),
(664,86200,74,NULL,'RUE',8495,'ADOLPHE THIERS',26000,'VALENCE',26,362,52.98,'Appartement',3),
(665,359000,29,NULL,'RUE',67,'ALBERT VARNET',26000,'VALENCE',26,362,175,'Maison',5),
(666,344500,20,NULL,'RUE',150,'ALPHONSE DAUDET',26000,'VALENCE',26,362,94.9,'Appartement',3),
(667,169000,7,'B','RUE',255,'ANDRE LACROIX',26000,'VALENCE',26,362,26.42,'Appartement',1),
(668,222695,57,NULL,'ALL',284,'ANTONIO VIVALDI',26000,'VALENCE',26,362,100.22,'Maison',4),
(897,73000,6,NULL,'RUE',30,'ANDREVON',26300,'BOURG-DE-PEAGE',26,57,66.67,'Appartement',3),
(441,90000,9001,NULL,'BD',2,'ABEL LEFEVRE',27530,'EZY SUR EURE',27,230,55.59,'Appartement',2),
(442,128250,9002,NULL,'BD',2,'ABEL LEFEVRE',27530,'EZY SUR EURE',27,230,87.5,'Appartement',3),
(1000,142000,11,'T','RUE',55,'ALEXIS DE TOCQUEVILLE',27200,'VERNON',27,681,61.84,'Appartement',3),
(1001,144000,11,'T','RUE',55,'ALEXIS DE TOCQUEVILLE',27200,'VERNON',27,681,66.21,'Appartement',3),
(1002,166900,15,NULL,'MAIL',90,'ANATOLE FRANCE',27200,'VERNON',27,681,79.92,'Appartement',3),
(236,187000,28,NULL,'RUE',20,'ALFRED MANCEAU',28230,'EPERNON',28,140,78.47,'Appartement',3),
(1069,57500,21,NULL,'AV',155,'AMBROISE PARE',28000,'CHARTRES',28,85,38.54,'Appartement',1),
(1070,147500,14,NULL,'RUE',2130,'AU LAIT',28000,'CHARTRES',28,85,67.13,'Appartement',3),
(65,52500,19,NULL,'RUE',10,'ALBERT DE MUN',29400,'LANDIVISIAU',29,105,97,'Appartement',4),
(351,74000,3,NULL,'RUE',132,'AMIRAL BAUDIN',29200,'BREST',29,19,53.07,'Appartement',2),
(352,113000,226,NULL,'RUE',200,'ANATOLE FRANCE',29200,'BREST',29,19,79.92,'Appartement',4),
(353,47000,290,NULL,'RUE',200,'ANATOLE FRANCE',29200,'BREST',29,19,46.58,'Appartement',2),
(437,139000,47,NULL,'RUE',1705,'ANDRE COLIN',29660,'CARANTEC',29,23,65,'Appartement',4),
(444,85000,17,NULL,'IMP',44,'ANDRE EVEN',29300,'QUIMPERLE',29,233,48.96,'Appartement',3),
(716,128300,63,NULL,'AV',50,'ALAIN LE LAY',29900,'CONCARNEAU',29,39,67.27,'Appartement',4),
(212,33000,5,NULL,'RUE',30,'ANATOLE FRANCE',30110,'LA GRAND COMBE',30,132,93.83,'Appartement',3),
(220,340641.38,6,'B','RUE',20,'ALSACE LORRAINE',30240,'LE GRAU DU ROI',30,133,80.79,'Appartement',3),
(221,295000,2,NULL,'RUE',32,'AMIRAL DE GRASSE',30240,'LE GRAU DU ROI',30,133,49.27,'Appartement',4),
(345,330000,10,NULL,'BD',250,'ALPHONSE DAUDET',30000,'NIMES',30,189,75.05,'Appartement',3),
(346,40000,10,NULL,'BD',290,'AMIRAL COURBET',30000,'NIMES',30,189,21.01,'Appartement',1),
(347,112600,159,NULL,'ALL',395,'ANNE FRANK',30000,'NIMES',30,189,67.15,'Appartement',3),
(348,224000,24,NULL,'RUE',425,'ANTOINE JOSEPH BENEDITTINI',30900,'NIMES',30,189,89.79,'Maison',4),
(349,49500,4,'B','RUE',590,'ARNAVIELLE',30900,'NIMES',30,189,60.07,'Appartement',3),
(630,167050,9005,NULL,'IMP',3,'ABEL BRUNYER',30700,'UZES',30,334,50.33,'Appartement',2),
(631,98000,2,NULL,'IMP',21,'ALBERT ROUX',30700,'UZES',30,334,62.95,'Appartement',2),
(632,150500,3,NULL,'RUE',48,'ANDRE MALRAUX',30700,'UZES',30,334,43.28,'Appartement',3),
(475,157000,18,NULL,'AV',30,'AIGNAN CARRIERE',31120,'LACROIX FALGARDE',31,259,65.85,'Appartement',3),
(787,191947,2,NULL,'ALL',33,'ANITA CONTI',31520,'RAMONVILLE ST AGNE',31,446,66.37,'Appartement',3),
(5,63000,4,NULL,'RUE',361,'ANNA-POLITKOVSKAIA',31200,'TOULOUSE',31,555,19.12,'Appartement',1),
(6,66972,4,NULL,'RUE',361,'Anna POLITKOVSKAIA',31200,'TOULOUSE',31,555,29.03,'Appartement',1),
(9,136580,30,NULL,'RUE',580,'ASSALIT',31500,'TOULOUSE',31,555,53.61,'Appartement',2),
(16,486340,18,NULL,'RUE',156,'ALEXANDRE FOURTANIER',31000,'TOULOUSE',31,555,76.1,'Appartement',3),
(21,141300,14,NULL,'RUE',285,'ANDRE CLAROUS',31200,'TOULOUSE',31,555,60.28,'Appartement',3),
(22,269650,4,NULL,'RUE',374,'ANTOINE DE GARGAS',31500,'TOULOUSE',31,555,63.94,'Appartement',3),
(23,119500,7,'B','IMP',310,'ANDRE MARFAING',31400,'TOULOUSE',31,555,18.79,'Appartement',1),
(24,83120,10,NULL,'CHEM',318,'ANDRE MESSAGER',31100,'TOULOUSE',31,555,80,'Appartement',4),
(893,170280,12,NULL,'BD',3949,'ALAIN SAVARY',31170,'TOURNEFEUILLE',31,557,79.49,'Appartement',4),
(156,60089,13,NULL,'RUE',85,'ARISTIDE BRIAND',33150,'CENON',33,119,21.93,'Appartement',1),
(157,72000,13,NULL,'RUE',85,'ARISTIDE BRIAND',33150,'CENON',33,119,22.45,'Appartement',1),
(158,93000,13,NULL,'RUE',85,'ARISTIDE BRIAND',33150,'CENON',33,119,23.84,'Appartement',1),
(159,140000,13,NULL,'RUE',85,'ARISTIDE BRIAND',33150,'CENON',33,119,42.08,'Appartement',1),
(160,108072,28,NULL,'RUE',85,'ARISTIDE BRIAND',33150,'CENON',33,119,76.38,'Appartement',4),
(161,113760,30,NULL,'RUE',85,'ARISTIDE BRIAND',33150,'CENON',33,119,78.27,'Appartement',4),
(380,160000,141,NULL,'RUE',10,'AIME BROUSTAUT',33470,'GUJAN MESTRAS',33,199,42.94,'Appartement',2),
(381,177000,1,NULL,'RUE',30,'ARMAND DANEY',33470,'GUJAN MESTRAS',33,199,50.61,'Appartement',2),
(382,129300,4,NULL,'RUE',30,'ARMAND DANEY',33470,'GUJAN MESTRAS',33,199,47.69,'Appartement',2),
(469,230000,17,NULL,'PL',50,'AUBERNY',33310,'LORMONT',33,249,100.55,'Maison',4),
(516,158100,3,NULL,'RUE',6,'ALEXANDER FLEMING',33127,'MARTIGNAS SUR JALLE',33,273,65.15,'Appartement',3),
(541,253700,4,NULL,'ALL',171,'ANDRE THURET',33700,'MERIGNAC',33,281,64.89,'Appartement',3),
(542,196000,81,NULL,'AV',190,'ARISTIDE BRIAND',33700,'MERIGNAC',33,281,68.08,'Appartement',3),
(543,229300,127,NULL,'AV',190,'ARISTIDE BRIAND',33700,'MERIGNAC',33,281,58.89,'Appartement',1),
(544,294000,365,NULL,'AV',190,'ARISTIDE BRIAND',33700,'MERIGNAC',33,281,78.7,'Maison',4),
(590,53000,10,NULL,'RUE',265,'ANNA DE NOAILLES',33290,'PAREMPUYRE',33,312,22.39,'Appartement',2),
(597,143000,1,NULL,'RUE',240,'ANTONIN ANTOUNE',33600,'PESSAC',33,318,43.79,'Appartement',2),
(598,232900,18,NULL,'RUE',271,'ARISTIDES DE SOUSA MENDES',33600,'PESSAC',33,318,73.92,'Appartement',3),
(599,130000,20,NULL,'RUE',271,'ARISTIDES DE SOUSA MENDES',33600,'PESSAC',33,318,32.22,'Appartement',2),
(600,520000,16,'B','RUE',290,'ARTIGUEMALE',33600,'PESSAC',33,318,108,'Maison',4),
(717,65000,7,NULL,'RUE',226,'ARISTIDE DE SOUSA-MENDES',33130,'BEGLES',33,39,56.67,'Appartement',3),
(744,289000,212,NULL,'ALL',7,'ALBERT SCHWEITZER',33127,'SAINT JEAN D ILLAC',33,422,78.52,'Maison',3),
(745,155000,5,NULL,'ALL',17,'ARISTIDE BRIAND',33127,'SAINT JEAN D ILLAC',33,422,39.59,'Appartement',2),
(746,161250,64,NULL,'ALL',17,'ARISTIDE BRIAND',33127,'SAINT JEAN D ILLAC',33,422,40.84,'Appartement',2),
(856,80000,24,NULL,'RUE',19,'AMIRAL COURBET',33780,'SOULAC-SUR-MER',33,514,25.01,'Appartement',2),
(857,90000,12,NULL,'RUE',17,'ANDRE LEROUX',33780,'SOULAC-SUR-MER',33,514,35.8,'Appartement',2),
(869,147000,2,NULL,'IMP',150,'ARCHAMBAUD',33400,'TALENCE',33,522,45.27,'Appartement',2),
(870,124876,38,NULL,'RUE',180,'ARMAND LEROI',33400,'TALENCE',33,522,30.9,'Appartement',2),
(888,295546,9,NULL,'RUE',4,'AIMEE ANTOINETTE CAMUS',33140,'VILLENAVE D ORNON',33,550,79.97,'Maison',4),
(944,217900,66,NULL,'RUE',105,'ALBERT PITRES',33000,'BORDEAUX',33,63,33.62,'Appartement',2),
(945,273125,2,NULL,'CRS',370,'ARISTIDE BRIAND',33000,'BORDEAUX',33,63,60.67,'Appartement',1),
(946,363400,46,NULL,'CRS',370,'ARISTIDE BRIAND',33000,'BORDEAUX',33,63,61.92,'Appartement',2),
(947,193000,8,NULL,'RUE',285,'ANDRE LAMANDE',33100,'BORDEAUX',33,63,48.1,'Appartement',1),
(948,228200,158,NULL,'BD',85,'ALBERT BRANDENBURG',33300,'BORDEAUX',33,63,78.03,'Appartement',3),
(949,239100,28,NULL,'AV',304,'ANDRE REINSON',33300,'BORDEAUX',33,63,64.5,'Appartement',3),
(950,147500,82,NULL,'BD',80,'ALBERT 1ER',33800,'BORDEAUX',33,63,40.1,'Appartement',1),
(951,305000,114,NULL,'BD',80,'ALBERT 1ER',33800,'BORDEAUX',33,63,63.85,'Appartement',3),
(952,535150,7,NULL,'RUE',210,'AMBROISE',33800,'BORDEAUX',33,63,160.44,'Appartement',4),
(953,241700,50,NULL,'RUE',225,'AMEDEE SAINT GERMAIN',33800,'BORDEAUX',33,63,67.38,'Appartement',3),
(954,216565,3,NULL,'RUE',251,'ANCIENS COMBATTANT AFRIQUE',33800,'BORDEAUX',33,63,69.83,'Appartement',3),
(955,312500,2,NULL,'PL',295,'ANDRE MEUNIER DIT MUREINE',33800,'BORDEAUX',33,63,86.92,'Appartement',3),
(1005,180000,3,NULL,'RUE',15,'ABEL ANTOUNE',33110,'LE BOUSCAT',33,69,67.41,'Appartement',4),
(1045,247000,94,NULL,'RUE',25,'ANDRE MESSAGER',33520,'BRUGES',33,75,71.71,'Appartement',3),
(1093,699000,3,NULL,'PL',84,'ALEXANDER FLEMING',33120,'ARCACHON',33,9,127.79,'Maison',2),
(1094,590000,19,NULL,'RUE',100,'ALFRED DEJEAN',33120,'ARCACHON',33,9,103,'Maison',5),
(1102,243000,14,NULL,'RUE',282,'ANDRE MALRAUX',33560,'CARBON BLANC',33,96,103.36,'Maison',4),
(1103,213000,26,NULL,'RUE',282,'ANDRE MALRAUX',33560,'CARBON BLANC',33,96,84.82,'Maison',4),
(1104,317450,28,NULL,'RUE',282,'ANDRE MALRAUX',33560,'CARBON BLANC',33,96,107.08,'Maison',4),
(73,227500,9018,NULL,'AV',19,'ALBERT SCHWEITZER',34110,'FRONTIGNAN',34,108,111.12,'Appartement',3),
(74,159000,10,NULL,'IMP',50,'ANTHERIEU',34110,'FRONTIGNAN',34,108,67.03,'Appartement',3),
(135,57000,8,NULL,'PL',106,'ALPHONSE BEAU DE ROCHAS',34790,'GRABELS',34,116,21.5,'Appartement',1),
(253,163870,50,NULL,'AV',30,'ANDRE CHASSEFIERE',34340,'MARSEILLAN',34,150,51.4,'Appartement',2),
(254,81731,2,NULL,'RUE',21,'ARC EN CIEL',34340,'MARSEILLAN',34,150,25.57,'Appartement',2),
(288,111400,427,NULL,'RUE',271,'ANDRE LE NOTRE',34080,'MONTPELLIER',34,172,43.44,'Appartement',2),
(378,363050,15,'B','RUE',123,'ALBERT CAMUS',34470,'PEROLS',34,198,80.83,'Maison',4),
(383,111000,10,NULL,'RUE',30,'ALFRED SABATIER',34120,'PEZENAS',34,199,63.91,'Appartement',3),
(408,172000,64,NULL,'RUE',242,'ALEXANDRA DAVID-NEEL',34730,'PRADES-LE-LEZ',34,217,42.39,'Appartement',2),
(575,76400,19,NULL,'RUE',90,'ARAGO',34200,'SETE',34,301,44.09,'Appartement',2),
(576,126530,24,NULL,'RUE',90,'ARAGO',34200,'SETE',34,301,44.96,'Appartement',4),
(577,319000,24,NULL,'RUE',90,'ARAGO',34200,'SETE',34,301,104.88,'Appartement',3),
(578,93740,1,NULL,'RUE',100,'ARGHALIER',34200,'SETE',34,301,42.02,'Appartement',1),
(451,301300,3,NULL,'RUE',62,'ADOLPHE TOUFFAIT',35000,'RENNES',35,238,74.09,'Appartement',3),
(452,275000,5,NULL,'RUE',62,'ADOLPHE TOUFFAIT',35000,'RENNES',35,238,73,'Appartement',3),
(453,77000,75,NULL,'RUE',310,'ALPHONSE GUERIN',35000,'RENNES',35,238,16.89,'Appartement',1),
(454,87500,31,NULL,'RUE',370,'ANDRE DESILLES',35000,'RENNES',35,238,25.58,'Appartement',1),
(455,243500,51,NULL,'RUE',430,'ANGE BLAIZE',35000,'RENNES',35,238,36.72,'Appartement',1),
(456,157000,41,NULL,'SQ',438,'ANTOINE DE CONDORCET',35700,'RENNES',35,238,58.23,'Appartement',3),
(557,149400,5,NULL,'RUE',180,'ALPHONSE THEBAULT',35400,'SAINT-MALO',35,288,35.74,'Appartement',1),
(558,262000,2,NULL,'AV',370,'ARISTIDE BRIAND',35400,'SAINT-MALO',35,288,66.69,'Appartement',3),
(615,132000,6,NULL,'RUE',9,'ANNE DAILLON',35490,'SENS-DE-BRETAGNE',35,326,87.84,'Maison',5),
(798,115000,17,'B','AV',10,'ALPHONSE LEGAULT',35170,'BRUZ',35,47,51.28,'Appartement',2),
(799,150000,74,NULL,'AV',10,'ALPHONSE LEGAULT',35170,'BRUZ',35,47,45.75,'Appartement',2),
(822,173000,2,NULL,'QUAI',21,'ADMIS EN CHEF THOMAS',35260,'CANCALE',35,49,36.59,'Appartement',2),
(823,382000,14,NULL,'RUE',48,'ALFRED BASLE',35260,'CANCALE',35,49,77.16,'Appartement',4),
(191,225800,4,NULL,'ALL',10,'ALPHONSE RIVERAIN',37300,'JOUE LES TOURS',37,122,128.58,'Maison',5),
(213,63000,24,'B','AV',30,'ARISTIDE BRIAND',37600,'LOCHES',37,132,47.92,'Appartement',2),
(214,70000,24,'B','AV',30,'ARISTIDE BRIAND',37600,'LOCHES',37,132,55.48,'Appartement',2),
(215,74000,24,'B','AV',30,'ARISTIDE BRIAND',37600,'LOCHES',37,132,48,'Appartement',2),
(216,82500,24,'B','AV',30,'ARISTIDE BRIAND',37600,'LOCHES',37,132,52.95,'Appartement',3),
(217,115000,24,'B','AV',30,'ARISTIDE BRIAND',37600,'LOCHES',37,132,69.4,'Maison',3),
(490,124000,52,'B','AV',243,'ANDRE MAGINOT',37100,'TOURS',37,261,43.2,'Appartement',2),
(491,152000,151,NULL,'AV',243,'ANDRE MAGINOT',37100,'TOURS',37,261,67.23,'Appartement',3),
(492,38000,6,NULL,'ALL',85,'AIME DE LA ROCHEFOUCAULD',37200,'TOURS',37,261,17.96,'Appartement',1),
(493,182000,1,NULL,'RUE',215,'ANDERS CELSIUS',37200,'TOURS',37,261,72,'Appartement',3),
(317,247500,41,'B','RUE',50,'ABBE GREGOIRE',38000,'GRENOBLE',38,185,89.33,'Appartement',3),
(318,50800,20,NULL,'RUE',50,'ABBE GREGOIRE',38000,'GRENOBLE',38,185,11.1,'Appartement',1),
(319,153400,91,NULL,'RUE',50,'ABBE GREGOIRE',38000,'GRENOBLE',38,185,59.53,'Appartement',3),
(320,190090,16,NULL,'RUE',160,'AIME BEREY',38000,'GRENOBLE',38,185,73.08,'Appartement',4),
(321,116650,20,NULL,'RUE',160,'AIME BEREY',38000,'GRENOBLE',38,185,58.47,'Appartement',3),
(322,225030,14,NULL,'AV',210,'ALBERT 1ER DE BELGIQUE',38000,'GRENOBLE',38,185,84.24,'Appartement',4),
(323,139000,35,NULL,'AV',210,'ALBERT 1ER DE BELGIQUE',38000,'GRENOBLE',38,185,41.09,'Appartement',2),
(324,212000,40,NULL,'AV',210,'ALBERT 1ER DE BELGIQUE',38000,'GRENOBLE',38,185,67.39,'Appartement',2),
(325,530000,12,NULL,'AV',380,'ALSACE LORRAINE',38000,'GRENOBLE',38,185,195.88,'Appartement',6),
(326,732100,18,NULL,'AV',380,'ALSACE LORRAINE',38000,'GRENOBLE',38,185,205.98,'Appartement',6),
(327,245800,21,NULL,'AV',380,'ALSACE LORRAINE',38000,'GRENOBLE',38,185,87.07,'Appartement',3),
(328,93500,4,NULL,'RUE',400,'AMEDEE MOREL',38000,'GRENOBLE',38,185,21.83,'Appartement',1),
(329,69710,19,NULL,'RUE',420,'AMPERE',38000,'GRENOBLE',38,185,19.76,'Appartement',1),
(330,77620,1,NULL,'RUE',480,'ANDRE MAGINOT',38000,'GRENOBLE',38,185,19.98,'Appartement',1),
(331,61500,13,NULL,'RUE',520,'ANTHOARD',38000,'GRENOBLE',38,185,21.15,'Appartement',1),
(332,202500,9,NULL,'RUE',570,'ARAGO',38000,'GRENOBLE',38,185,70.69,'Appartement',3),
(333,98000,22,NULL,'RUE',270,'ALFRED DE MUSSET',38100,'GRENOBLE',38,185,50.83,'Appartement',2),
(334,93000,46,NULL,'RUE',280,'ALFRED DE VIGNY',38100,'GRENOBLE',38,185,64.05,'Appartement',2),
(335,205900,3,NULL,'RUE',530,'ANTOINE CHOLLIER',38100,'GRENOBLE',38,185,84.55,'Appartement',4),
(695,56000,26,NULL,'RUE',10,'ADOLPHE MUGUET',38120,'SAINT-EGREVE',38,382,27.21,'Appartement',1),
(696,135900,26,NULL,'RUE',10,'ADOLPHE MUGUET',38120,'SAINT-EGREVE',38,382,65.76,'Appartement',4),
(741,226800,11,NULL,'RUE',42,'ANDRE CHENIER',38400,'SAINT-MARTIN-D''HERES',38,421,73.58,'Appartement',4),
(742,120930,9,NULL,'RUE',44,'ANNE FRANK',38400,'SAINT-MARTIN-D''HERES',38,421,47.67,'Appartement',2),
(743,273600,13,NULL,'RUE',55,'ANTOINE POLOTTI',38400,'SAINT-MARTIN-D''HERES',38,421,83.63,'Appartement',4),
(820,311700,23,NULL,'RUE',20,'AIME BOUCHAYER',38170,'SEYSSINET-PARISET',38,485,99.21,'Appartement',4),
(881,273200,509,NULL,'RUE',440,'ALBERT PIETRI',38250,'VILLARD-DE-LANS',38,548,102.02,'Appartement',3),
(895,86040,181,NULL,'AV',50,'ARISTIDE BRIAND',38220,'VIZILLE',38,562,64.13,'Appartement',3),
(896,51500,312,NULL,'AV',50,'ARISTIDE BRIAND',38220,'VIZILLE',38,562,31.49,'Appartement',1),
(379,101000,12,'B','RUE',60,'ANTOINE BRUN',39100,'DOLE',39,198,71.48,'Appartement',1),
(354,128014.89,6,NULL,'RUE',60,'ANDRE HONNORAT',4400,'BARCELONNETTE',4,19,58.96,'Appartement',3),
(467,115000,6,NULL,NULL,75,'ANCIENNE RTE D FORCALQUIER',4130,'VOLX',4,245,80.26,'Appartement',3),
(371,64000,6,NULL,'IMP',67,'AMAURY',40000,'MONT-DE-MARSAN',40,192,45.13,'Appartement',2),
(430,123000,16,NULL,'PL',320,'ARISTIDE BRIAND',40300,'PEYREHORADE',40,224,52.88,'Appartement',2),
(450,87000,181,NULL,'RUE',35,'ADOUR ET CHALOSSE',40380,'POYANNE',40,235,76.87,'Appartement',3),
(591,147000,3,NULL,'PL',1983,'ALEXANDRE VIRO',40220,'TARNOS',40,312,63.02,'Appartement',3),
(592,214000,3,NULL,'PL',1983,'ALEXANDRE VIRO',40220,'TARNOS',40,312,91.43,'Appartement',4),
(593,114000,9,NULL,'PL',1983,'ALEXANDRE VIRO',40220,'TARNOS',40,312,45.82,'Appartement',2),
(594,117000,9,NULL,'PL',1983,'ALEXANDRE VIRO',40220,'TARNOS',40,312,46.15,'Appartement',2),
(595,253000,30,NULL,'RUE',805,'ANDRE BOUILLAR',40220,'TARNOS',40,312,88.35,'Appartement',4),
(297,124900,47,'B','RUE',70,'ALBERT 1ER',41000,'BLOIS',41,18,85.09,'Appartement',4),
(298,77000,162,NULL,'RUE',70,'ALBERT 1ER',41000,'BLOIS',41,18,47.29,'Appartement',1),
(299,43500,18,NULL,'RUE',90,'ALFRED HALOU',41000,'BLOIS',41,18,20.68,'Appartement',1),
(282,94500,6,NULL,'RUE',40,'ANTOINE EYRAUD',42410,'PELUSSIN',42,168,61.8,'Appartement',1),
(340,41000,92,NULL,'RUE',20,'ALBERT THOMAS',42300,'ROANNE',42,187,68.49,'Appartement',4),
(341,65500,92,NULL,'RUE',20,'ALBERT THOMAS',42300,'ROANNE',42,187,57.22,'Appartement',2),
(342,157000,4,NULL,'RUE',80,'ALSACE LORRAINE',42300,'ROANNE',42,187,217.02,'Appartement',6),
(343,112000,16,NULL,'RUE',80,'ALSACE LORRAINE',42300,'ROANNE',42,187,173.34,'Appartement',5),
(344,116500,16,NULL,'RUE',80,'ALSACE LORRAINE',42300,'ROANNE',42,187,162.69,'Appartement',4),
(350,52000,11,NULL,'RUE',30,'ARISTIDE BRIAND',42230,'ROCHE-LA-MOLIERE',42,189,35.6,'Appartement',2),
(412,141150,7,NULL,'RUE',280,'AMPERE',42000,'SAINT-ETIENNE',42,218,85.96,'Appartement',4),
(413,180500,11,NULL,'RUE',280,'AMPERE',42000,'SAINT-ETIENNE',42,218,64.42,'Appartement',3),
(414,40000,1,NULL,'BD',150,'ALEXANDRE DE FRAISSINETTE',42100,'SAINT-ETIENNE',42,218,31.61,'Appartement',1),
(415,107750,3,NULL,'RUE',270,'AMOUROUX',42100,'SAINT-ETIENNE',42,218,92.58,'Appartement',5),
(416,74100,155,NULL,'RUE',355,'ANTOINE DURAFOUR',42100,'SAINT-ETIENNE',42,218,69.46,'Appartement',4),
(429,150000,19,NULL,'RUE',10,'ANTOINE BONHOMME',42530,'SAINT GENEST LERPT',42,223,85.68,'Appartement',4),
(515,180000,26,NULL,'RUE',2,'ALBERT CAMUS',42740,'SAINT-PAUL-EN-JAREZ',42,271,122.68,'Maison',5),
(835,116000,9014,NULL,'RUE',110,'ARISTIDE BRIAND',42160,'ANDREZIEUX-BOUTHEON',42,5,50.33,'Appartement',2),
(78,177500,30,NULL,'RUE',188,'ALPHONSE DAUDET',44000,'NANTES',44,109,60.87,'Appartement',4),
(79,125550,5,NULL,'BD',232,'AMIRAL COURBET',44000,'NANTES',44,109,35.81,'Appartement',2),
(80,253000,19,NULL,'BD',232,'AMIRAL COURBET',44000,'NANTES',44,109,63.36,'Appartement',1),
(81,126500,20,NULL,'RUE',252,'ANATOLE LE BRAZ',44000,'NANTES',44,109,34.39,'Appartement',1),
(82,319990,1,NULL,'PAS',269,'ANDRE CRETAUX',44000,'NANTES',44,109,71.33,'Appartement',4),
(83,425000,15,NULL,'RUE',140,'ALFRED RIOM',44100,'NANTES',44,109,113.46,'Appartement',4),
(84,80000,7,'B','BD',147,'ALLARD',44100,'NANTES',44,109,44.4,'Appartement',2),
(85,151597.5,4,NULL,'AV',21,'ANDREE VIOLLIS',44100,'NANTES',44,109,62.1,'Appartement',3),
(86,53000,19,NULL,'RUE',92,'ALEXANDRE FOURNY',44200,'NANTES',44,109,10.78,'Appartement',1),
(87,101500,1,NULL,'BD',98,'ALEXANDRE MILLERAND',44200,'NANTES',44,109,50.56,'Appartement',2),
(88,136000,1,NULL,'BD',98,'ALEXANDRE MILLERAND',44200,'NANTES',44,109,50.74,'Appartement',2),
(89,105072,3,NULL,'RUE',310,'ANNE MANDEVILLE',44200,'NANTES',44,109,38.08,'Appartement',2),
(90,402000,77,NULL,'RUE',74,'ALBERT CALMETTE',44300,'NANTES',44,109,85.3,'Appartement',3),
(91,69471,1,NULL,'BD',83,'ALBERT EINSTEIN',44300,'NANTES',44,109,19.44,'Appartement',1),
(92,75510,1,NULL,'BD',83,'ALBERT EINSTEIN',44300,'NANTES',44,109,20.61,'Appartement',1),
(93,185500,14,NULL,'BD',83,'ALBERT EINSTEIN',44300,'NANTES',44,109,63.29,'Appartement',3),
(94,49500,30,NULL,'BD',83,'ALBERT EINSTEIN',44300,'NANTES',44,109,19.67,'Appartement',1),
(95,70921,30,NULL,'BD',83,'ALBERT EINSTEIN',44300,'NANTES',44,109,19.81,'Appartement',1),
(96,63000,5,NULL,'RUE',127,'ALFRED KASTLER',44300,'NANTES',44,109,23.15,'Appartement',1),
(97,171428,9,NULL,'CRS',337,'ANTONIO VIVALDI',44300,'NANTES',44,109,49.71,'Appartement',2),
(171,120000,6,NULL,'RUE',80,'ALPHONSE DAUDET',44760,'LA BERNERIE EN RETZ',44,12,29.29,'Maison',1),
(222,92000,29,NULL,'RUE',100,'AMIRAL COURBET',44510,'LE POULIGUEN',44,135,33.51,'Appartement',1),
(240,102500,32,NULL,'RUE',160,'ARISTIDE BRIAND',44400,'REZE',44,143,165.29,'Maison',6),
(255,117000,8,NULL,'RUE',60,'ALFRED DURAND',44250,'SAINT BREVIN LES PINS',44,154,33.95,'Appartement',1),
(274,130200,16,NULL,'AV',58,'AMBROISE PARE',44800,'ST-HERBLAIN',44,162,72.5,'Appartement',3),
(289,290000,2,NULL,'RUE',2086,'ANNE-CLAUDE GODEAU',44980,'SAINTE-LUCE-SUR-LOIRE',44,172,88.61,'Appartement',4),
(310,201500,11,NULL,'AV',60,'ALBERT DE MUN',44600,'SAINT-NAZAIRE',44,184,109.07,'Appartement',4),
(311,77600,15,NULL,'AV',60,'ALBERT DE MUN',44600,'SAINT-NAZAIRE',44,184,45.87,'Appartement',2),
(312,162000,10,NULL,'RUE',260,'ANTOINE DE CONDORCET',44600,'SAINT-NAZAIRE',44,184,64.51,'Appartement',3),
(313,116823,64,NULL,'RUE',310,'ARISTIDE BRIAND',44600,'SAINT-NAZAIRE',44,184,79.03,'Appartement',3),
(314,121500,64,NULL,'RUE',310,'ARISTIDE BRIAND',44600,'SAINT-NAZAIRE',44,184,80.52,'Appartement',3),
(315,185000,17,NULL,'RUE',355,'ARTHUR RIMBAUD',44600,'SAINT-NAZAIRE',44,184,64.66,'Appartement',3),
(361,235000,1,NULL,'ALL',528,'ARTHUR CHRISTIANSEN',44230,'ST SEBASTIEN SUR LOIRE',44,190,66.29,'Appartement',3),
(394,103000,41,NULL,'RUE',100,'ARISTIDE BRIAND',44340,'BOUGUENAIS',44,20,41.9,'Maison',3),
(482,134375,22,NULL,'BD',2025,'AMPERE',44470,'CARQUEFOU',44,26,38.91,'Appartement',2),
(483,149000,22,NULL,'BD',2025,'AMPERE',44470,'CARQUEFOU',44,26,41.88,'Appartement',2),
(642,160000,8,NULL,'RUE',53,'ANDRE FRANQUIN',44240,'CHAPELLE-SUR-ERDRE (LA)',44,35,47.48,'Appartement',2),
(883,148500,43,NULL,'AV',100,'ALFRED BRUNEAU',44500,'LA BAULE-ESCOUBLAC',44,55,24.15,'Appartement',1),
(884,238500,43,NULL,'AV',100,'ALFRED BRUNEAU',44500,'LA BAULE-ESCOUBLAC',44,55,50.84,'Appartement',2),
(885,225000,2,NULL,'AV',160,'ALSACE LORRAINE',44500,'LA BAULE-ESCOUBLAC',44,55,48.19,'Appartement',2),
(886,85500,12,NULL,'AV',160,'ALSACE LORRAINE',44500,'LA BAULE-ESCOUBLAC',44,55,23.02,'Appartement',1),
(887,317000,6,NULL,'AV',220,'ANDRIEU',44500,'LA BAULE-ESCOUBLAC',44,55,51.81,'Appartement',3),
(1006,73000,9000,NULL,'AV',43,'ANNE DE BRETAGNE',44350,'GUERANDE',44,69,27.81,'Appartement',2),
(1077,121000,8,NULL,'RUE',20,'ALEXANDRE RIOU',44270,'MACHECOUL-SAINT-MEME',44,87,102.22,'Appartement',4),
(247,74000,2,NULL,'RUE',16,'ALBERT CAMUS',45400,'FLEURY LES AUBRAIS',45,147,65.69,'Appartement',3),
(248,131060,2,NULL,'RUE',16,'ALBERT CAMUS',45400,'FLEURY LES AUBRAIS',45,147,85.55,'Appartement',5),
(445,72700,4,NULL,'RUE',200,'ALEXANDRE CABOCHE',45000,'ORLEANS',45,234,47.9,'Appartement',2),
(446,103500,18,NULL,'RUE',360,'ANTIGNA',45000,'ORLEANS',45,234,41.5,'Appartement',2),
(447,44900,21,NULL,'AV',139,'ALAIN SAVARY',45100,'ORLEANS',45,234,18.05,'Appartement',1),
(448,47000,21,NULL,'AV',139,'ALAIN SAVARY',45100,'ORLEANS',45,234,18.14,'Appartement',1),
(596,48000,54,NULL,'RUE',25,'ALBERT COSSONNET',45600,'SULLY-SUR-LOIRE',45,315,70.31,'Appartement',3),
(39,47000,17,NULL,'RUE',20,'ALBERT CAMUS',47000,'AGEN',47,1,41.4,'Appartement',2),
(611,182000,8,'B','RUE',24,'ALBAN MARIE',47300,'VILLENEUVE SUR LOT',47,323,51.02,'Maison',3),
(1101,87000,1,NULL,'RUE',56,'ALEXANDRE BECAMEL',48000,'MENDE',48,95,46.66,'Appartement',2),
(252,180000,47,NULL,'ALL',16,'AIME BONPLAND',49240,'AVRILLE',49,15,63.55,'Appartement',3),
(468,180000,1,NULL,'RUE',37,'ARISTIDE BRIAND',49130,'LES PONTS DE CE',49,246,83.09,'Appartement',4),
(1017,169900,6,NULL,'RUE',253,'ANNE, COMTE DE TOURVILLE',49100,'ANGERS',49,7,50.83,'Appartement',2),
(1106,104000,9,NULL,'RUE',6,'ABBE DENIAU',49300,'CHOLET',49,99,60.71,'Appartement',3),
(295,230000,5246,NULL,'ALL',3,'AICARDI HUBERT',5560,'VARS',5,177,55.76,'Appartement',1),
(438,114275,7,NULL,'AV',10,'ADRIEN DAURELLE',5100,'BRIANCON',5,23,67,'Appartement',4),
(206,75500,25,NULL,'RUE',30,'ALBERT MAHIEU CHERBOURG',50100,'CHERBOURG-EN-COTENTIN',50,129,52.39,'Appartement',2),
(207,194000,22,NULL,'RUE',200,'ASSELIN',50100,'CHERBOURG-EN-COTENTIN',50,129,83.3,'Appartement',3),
(417,93000,25,NULL,'AV',70,'ARISTIDE BRIAND',50400,'GRANVILLE',50,218,48,'Appartement',2),
(418,128000,25,NULL,'AV',70,'ARISTIDE BRIAND',50400,'GRANVILLE',50,218,60,'Appartement',3),
(847,75000,51,NULL,'RUE',142,'ANDRE GROULT',50000,'SAINT-LO',50,502,74.52,'Appartement',4),
(443,41500,20,NULL,'PL',120,'AUBAN MOET',51200,'EPERNAY',51,230,31.58,'Appartement',2),
(569,32500,30,NULL,'RUE',20,'ALBERT MEUNIER',51160,'AY-CHAMPAGNE',51,30,29.74,'Appartement',2),
(789,89055,40,NULL,'RUE',100,'ALEXANDRE HENROT',51100,'REIMS',51,454,33.13,'Appartement',1),
(901,92000,13,NULL,'RUE',80,'ARISTIDE BRIAND',51430,'TINQUEUX',51,573,38.35,'Appartement',2),
(209,100000,10,'B','QUAI',90,'ALBERT GOUPIL',53000,'LAVAL',53,130,47.7,'Appartement',2),
(210,159500,19,NULL,'RUE',193,'ANDRE SAGET',53000,'LAVAL',53,130,70.52,'Appartement',2),
(249,64000,26,NULL,'RUE',40,'AMBROISE DE LORE',53100,'MAYENNE',53,147,63.45,'Appartement',4),
(316,68500,12,NULL,'RUE',30,'ARISTIDE BRIAND',54270,'ESSEY LES NANCY',54,184,40.08,'Appartement',3),
(517,42000,19,NULL,'RUE',40,'ALBERT 1ER',54800,'JARNY',54,273,27.48,'Appartement',1),
(612,70500,3,NULL,'RUE',70,'ALBERT LEBRUN',54400,'LONGWY',54,323,42.95,'Appartement',2),
(697,45000,50,NULL,'RUE',20,'ALFRED LABBE',54350,'MONT SAINT MARTIN',54,382,37.53,'Appartement',2),
(698,350000,3,NULL,'PL',50,'AMBROISE THOMAS',54350,'MONT SAINT MARTIN',54,382,79.22,'Appartement',3),
(718,57000,2,NULL,'RUE',20,'ABBE GREGOIRE',54000,'NANCY',54,395,43.84,'Appartement',2),
(719,465500,32,NULL,'BD',60,'ALBERT 1ER',54000,'NANCY',54,395,177.67,'Appartement',5),
(818,40900,63,NULL,'RUE',20,'ANATOLE FRANCE',54210,'SAINT-NICOLAS-DE-PORT',54,483,57.5,'Appartement',2),
(879,181500,27,NULL,'RUE',34,'ANTOINE BIANCAMARIA',54500,'VANDOEUVRE LES NANCY',54,547,75.92,'Maison',4),
(880,118900,30,NULL,'RUE',40,'ARISTIDE BRIAND',54500,'VANDOEUVRE LES NANCY',54,547,69.8,'Appartement',4),
(902,122000,335,NULL,'AV',39,'ANDRE MALRAUX',54600,'VILLERS LES NANCY',54,578,57.17,'Appartement',3),
(903,63450,360,NULL,'AV',39,'ANDRE MALRAUX',54600,'VILLERS LES NANCY',54,578,33.52,'Appartement',2),
(185,105357,10,NULL,'RUE',30,'ADOLPHE BEAUFRERE',56100,'LORIENT',56,121,50.12,'Appartement',3),
(186,60000,17,NULL,'RUE',60,'ALCIDE DE BEAUCHENE',56100,'LORIENT',56,121,25.15,'Appartement',1),
(187,133000,18,NULL,'AV',270,'ANATOLE FRANCE',56100,'LORIENT',56,121,53.24,'Appartement',3),
(296,88000,11,NULL,'RUE',10,'ABBE MARTIN',56300,'PONTIVY',56,178,83.79,'Appartement',4),
(1018,228000,94,NULL,'RUE',20,'ABBE PHILIPPE LE GALL',56400,'AURAY',56,7,90.13,'Appartement',4),
(1105,141000,55,NULL,'RUE',40,'ALFRED DE MUSSET',56600,'LANESTER',56,98,87.3,'Appartement',5),
(579,53000,4,NULL,'RUE',170,'ANDRE MALRAUX',58640,'VARENNES-VAUZELLES',58,303,80.16,'Appartement',4),
(549,98000,74,NULL,NULL,947,'ALLEE DES TILLEULS',59178,'HASNON',59,284,80.55,'Maison',4),
(3,155900,50,'B','RUE',9370,'ALEXANDRE DESROUSSEAUX LOM',59160,'LILLE',59,350,130.17,'Appartement',3),
(4,152000,60,NULL,'RUE',9372,'ANATOLE FRANCE LOMME',59160,'LILLE',59,350,54.09,'Appartement',2),
(643,122953,16,NULL,'RUE',323,'ARAGO',59000,'LILLE',59,350,43.8,'Appartement',2),
(644,118000,18,NULL,'RUE',323,'ARAGO',59000,'LILLE',59,350,39.86,'Appartement',2),
(645,123500,10,NULL,'RUE',3397,'A FIENS',59800,'LILLE',59,350,27.02,'Appartement',1),
(646,128400,33,NULL,'RUE',103,'ADOLPHE',59800,'LILLE',59,350,34.29,'Appartement',2),
(647,53500,4,NULL,'RUE',152,'ALEXANDRE DESROUSSEAUX',59800,'LILLE',59,350,9.74,'Appartement',1),
(648,215500,9,NULL,'RUE',191,'ALLARD DUGAUQUIER',59800,'LILLE',59,350,84.64,'Appartement',5),
(670,93020,15,NULL,'RUE',40,'ARTHUR BACRO',59390,'LYS LEZ LANNOY',59,367,68.9,'Appartement',4),
(793,130000,129,NULL,'RUE',23,'ANDRE STEPINSKI',59146,'PECQUENCOURT',59,456,80,'Maison',4),
(848,97000,144,NULL,'RUE',40,'ANATOLE FRANCE',59790,'RONCHIN',59,507,49.82,'Appartement',2),
(968,168000,6,NULL,'RUE',82,'ARTHUR BUYSE',59290,'WASQUEHAL',59,646,54.67,'Appartement',2),
(977,173500,96,NULL,'RUE',10,'ACHILLE PINTEAUX',59136,'WAVRIN',59,653,66.94,'Appartement',3),
(1095,122740,64,NULL,'BD',2060,'ALBERT 1ER',59491,'VILLENEUVE-D''ASCQ',59,9,88.3,'Appartement',4),
(1096,105220,66,NULL,'BD',2060,'ALBERT 1ER',59491,'VILLENEUVE-D''ASCQ',59,9,74.1,'Appartement',3),
(58,355000,115,'A','RUE',50,'ANTOINE PEGLION',6190,'ROQUEBRUNE CAP MARTIN',6,104,56.5,'Appartement',3),
(59,113000,397,NULL,'RUE',50,'ANTOINE PEGLION',6190,'ROQUEBRUNE CAP MARTIN',6,104,29.32,'Appartement',1),
(60,500000,626,NULL,'RUE',50,'ANTOINE PEGLION',6190,'ROQUEBRUNE CAP MARTIN',6,104,88.88,'Appartement',4),
(61,219000,213,NULL,'AV',80,'ARISTIDE BRIAND',6190,'ROQUEBRUNE CAP MARTIN',6,104,38.71,'Appartement',2),
(62,205000,242,NULL,'AV',80,'ARISTIDE BRIAND',6190,'ROQUEBRUNE CAP MARTIN',6,104,33.24,'Appartement',1),
(99,150000,14,NULL,'AV',10,'ALBERT 1ER',6310,'BEAULIEU SUR MER',6,11,18.63,'Appartement',1),
(193,200000,7,NULL,'RUE',29,'ALBERT CAMUS',6700,'SAINT LAURENT DU VAR',6,123,73.76,'Appartement',3),
(211,85000,12,NULL,'RUE',19,'ADRIEN GUEBHARD',6460,'SAINT-VALLIER-DE-THIEY',6,130,27.7,'Appartement',1),
(250,175000,7,NULL,'RUE',70,'ANTOINE SCOFFIER',6340,'LA TRINITE',6,149,48.02,'Appartement',2),
(256,169000,174,NULL,'RUE',4,'ALEXANDRE LOUCE',6220,'VALLAURIS',6,155,44.61,'Appartement',2),
(257,259000,174,NULL,'RUE',4,'ALEXANDRE LOUCE',6220,'VALLAURIS',6,155,65.23,'Appartement',3),
(258,66000,3,NULL,'IMP',5,'ALLEGRE',6220,'VALLAURIS',6,155,17.67,'Appartement',1),
(259,135000,3,NULL,'IMP',5,'ALLEGRE',6220,'VALLAURIS',6,155,55.91,'Appartement',2),
(260,79000,4,NULL,'RUE',10,'AMBROSIO',6220,'VALLAURIS',6,155,25.6,'Appartement',2),
(261,242000,146,NULL,'AV',11,'ANCIENS COMBATTANTS AFR N',6220,'VALLAURIS',6,155,92.64,'Appartement',4),
(262,74000,4,NULL,'RUE',60,'ALSACE LORRAINE',6140,'VENCE',6,157,23.1,'Appartement',1),
(263,95000,6,NULL,'AV',10,'ALBERT 1ER',6230,'VILLEFRANCHE-SUR-MER',6,159,15.72,'Appartement',1),
(264,170000,2,NULL,'RUE',30,'AMIRAL ALBINI',6230,'VILLEFRANCHE-SUR-MER',6,159,21.43,'Appartement',2),
(273,188470,450,NULL,'AV',25,'ANTONY FABRE',6270,'VILLENEUVE-LOUBET',6,161,51.72,'Appartement',3),
(275,45000,30,NULL,'RUE',40,'ALBERTI BERNARDIN',6430,'LA BRIGUE',6,162,42.41,'Appartement',1),
(276,65000,5185,'A','AV',5,'AIMABLE GASTAUD',6430,'TENDE',6,163,55.65,'Appartement',2),
(277,50000,8,NULL,'RUE',10,'ANDRE CARABALONA',6430,'TENDE',6,163,103.21,'Maison',3),
(512,580250,10,NULL,'CHE',54,'ALPHONSE DAUDET',6800,'CAGNES SUR MER',6,27,130.09,'Maison',5),
(513,130000,41,NULL,'RUE',80,'ANATOLE FRANCE',6800,'CAGNES SUR MER',6,27,46.55,'Appartement',1),
(724,282000,12,NULL,'BD',60,'ALBERT 1ER',6600,'ANTIBES',6,4,70.98,'Appartement',3),
(725,315300,15,NULL,'BD',60,'ALBERT 1ER',6600,'ANTIBES',6,4,66.01,'Appartement',3),
(726,160000,19,NULL,'BD',60,'ALBERT 1ER',6600,'ANTIBES',6,4,60,'Appartement',2),
(727,129000,20,NULL,'BD',60,'ALBERT 1ER',6600,'ANTIBES',6,4,24.24,'Appartement',1),
(728,237000,142,NULL,'CHE',110,'AMES DU PURGATOIRE',6600,'ANTIBES',6,4,57.65,'Appartement',3),
(729,192650,390,NULL,'CHE',110,'AMES DU PURGATOIRE',6600,'ANTIBES',6,4,51.23,'Appartement',2),
(730,173000,911,NULL,'CHE',110,'AMES DU PURGATOIRE',6600,'ANTIBES',6,4,55.2,'Appartement',2),
(731,199000,1047,NULL,'CHE',110,'AMES DU PURGATOIRE',6600,'ANTIBES',6,4,57.83,'Appartement',3),
(732,212253,28,NULL,'RUE',240,'AUBERNON',6600,'ANTIBES',6,4,33.22,'Appartement',2),
(1046,130000,5,NULL,'RUE',10,'ANFOSSI',6670,'LEVENS',6,75,16.72,'Appartement',5),
(1065,382000,14,'B','ALL',1392,'ACACIAS TER CHAUDES',6500,'MENTON',6,83,77.15,'Appartement',4),
(1066,183000,7,NULL,'RUE',90,'ARDOINO',6500,'MENTON',6,83,61.04,'Appartement',3),
(1067,228710,20,NULL,'AV',100,'ARISTIDE BRIAND',6500,'MENTON',6,83,32.73,'Appartement',1),
(1071,158000,2,NULL,'RPT',21,'ANDRE MINANGOY',6250,'MOUGINS',6,85,38.04,'Appartement',2),
(1072,291880,5,NULL,'RPT',21,'ANDRE MINANGOY',6250,'MOUGINS',6,85,95.21,'Appartement',4),
(1073,163000,6,NULL,'RPT',21,'ANDRE MINANGOY',6250,'MOUGINS',6,85,48.2,'Appartement',2),
(1079,132480,13,NULL,'RUE',94,'ALEXIS MOSSA',6000,'NICE',6,88,22.96,'Appartement',2),
(1080,73000,7,NULL,'AV',280,'ANTONIA AUGUSTA',6000,'NICE',6,88,23.04,'Appartement',1),
(1081,455240,15,NULL,'RUE',405,'ASSALIT',6000,'NICE',6,88,80.27,'Appartement',4),
(1082,158525,23,NULL,'RUE',405,'ASSALIT',6000,'NICE',6,88,34.04,'Appartement',1),
(1083,339000,104,NULL,'ACH',3545,'ANC CHE DE LA LANTERNE',6200,'NICE',6,88,73.61,'Appartement',3),
(1084,163000,10,NULL,'AV',235,'ANGELIQUE BRAQUET',6200,'NICE',6,88,35.3,'Appartement',2),
(1085,350710,25,NULL,'AV',267,'ANTOINE MARTIN',6200,'NICE',6,88,86,'Appartement',4),
(1086,291230,12,NULL,'RUE',10,'ABBAYE',6300,'NICE',6,88,60.77,'Appartement',4),
(1087,82000,6,NULL,'RUE',27,'ABBE SALVETTI',6300,'NICE',6,88,16.8,'Appartement',1),
(1088,121700,20,NULL,'RUE',60,'ALBERT VOISIN',6300,'NICE',6,88,32.6,'Appartement',2),
(1089,149450,20,NULL,'RUE',60,'ALBERT VOISIN',6300,'NICE',6,88,34.65,'Appartement',2),
(1090,266000,20,NULL,'BD',360,'ARMEE DES ALPES',6300,'NICE',6,88,66.35,'Appartement',3),
(1091,151500,33,NULL,'RUE',390,'ARSON',6300,'NICE',6,88,46.34,'Appartement',3),
(1092,292500,50,NULL,'RUE',390,'ARSON',6300,'NICE',6,88,77.62,'Appartement',2),
(238,220500,26,NULL,'PL',5,'ABBE CHARPENTIER',60500,'CHANTILLY',60,141,55.59,'Appartement',2),
(265,66370,2,NULL,'RUE',163,'AMPERE',60200,'COMPIEGNE',60,159,41,'Appartement',1),
(266,168000,4,NULL,'RUE',163,'AMPERE',60200,'COMPIEGNE',60,159,113.78,'Appartement',5),
(291,43000,4,NULL,'ALL',65,'ARTHUR RIMBAUD',60100,'CREIL',60,175,38.79,'Appartement',2),
(292,190000,6,NULL,'RUE',40,'ALEXANDRE DUMAS',60800,'CREPY EN VALOIS',60,176,70.06,'Appartement',3),
(293,111500,2,NULL,'RUE',44,'ALFRED SAUVY',60800,'CREPY EN VALOIS',60,176,34.71,'Appartement',2),
(294,130000,3,NULL,'RUE',45,'ANDRE MESSAGER',60800,'CREPY EN VALOIS',60,176,82.92,'Appartement',4),
(521,70000,8,NULL,'RUE',10,'ARISTIDE BRIAND',60000,'GOINCOURT',60,277,42.6,'Appartement',3),
(545,254000,5,NULL,'SQ',52,'ARTHUR RIMBAUD',60270,'GOUVIEUX',60,282,151.64,'Maison',6),
(546,347740,6,NULL,'SQ',52,'ARTHUR RIMBAUD',60270,'GOUVIEUX',60,282,112.16,'Maison',4),
(639,112000,1,NULL,'IMP',9,'ANNA DE NOAILLES',60290,'LAIGNEVILLE',60,342,74.91,'Appartement',4),
(980,107500,11,NULL,'RUE',27,'ALEXANDRE DUMAS',60410,'VERBERIE',60,667,47.18,'Appartement',2),
(162,49000,74,NULL,'RUE',220,'ARTHUR LAMENDIN',62400,'BETHUNE',62,119,54.19,'Appartement',3),
(232,112000,48,NULL,'RUE',20,'ALFRED ANDRE',62575,'BLENDECQUES',62,139,75.19,'Maison',3),
(372,61500,121,NULL,'RUE',70,'ALFRED DELCLUZE',62100,'CALAIS',62,193,38.6,'Appartement',2),
(974,58000,1,NULL,'RUE',325,'AIME CESAIRE',62210,'AVION',62,65,54.11,'Appartement',3),
(975,75000,1,NULL,'RUE',325,'AIME CESAIRE',62210,'AVION',62,65,60.5,'Appartement',3),
(573,106400,4,NULL,'RUE',30,'AMABLE FAUCON',63200,'RIOM',63,300,57.03,'Appartement',2),
(574,259000,8,NULL,'RUE',80,'ANTOINE ARNAUD',63200,'RIOM',63,300,89.82,'Appartement',4),
(218,26500,14,NULL,'AV',230,'ALBERT 1ER',64320,'BIZANOS',64,132,18.69,'Appartement',1),
(783,146000,9,NULL,'RUE',80,'ALEXANDER TAYLOR',64000,'PAU',64,445,61.42,'Appartement',3),
(784,88400,13,NULL,'RUE',90,'ALFRED DE LASSENCE',64000,'PAU',64,445,34.45,'Appartement',2),
(819,170000,6,NULL,'AV',71,'ANDENIA',64500,'SAINT-JEAN-DE-LUZ',64,483,44.5,'Appartement',2),
(781,60000,14,NULL,'RUE',200,'ANDRE BREYER',65000,'TARBES',65,440,55.48,'Appartement',3),
(782,57400,62,NULL,'RUE',210,'ANDRE FOURCADE',65000,'TARBES',65,440,35.84,'Appartement',2),
(239,50000,1,NULL,'RUE',10,'ANDRE LAFARGE',69350,'LA MULATIERE',69,142,33.48,'Appartement',1),
(241,110000,1,NULL,'PL',40,'AMPERE',69250,'NEUVILLE SUR SAONE',69,143,62.87,'Appartement',3),
(242,78000,2,NULL,'PL',40,'AMPERE',69250,'NEUVILLE SUR SAONE',69,143,21.77,'Appartement',1),
(251,82500,2,NULL,'RUE',20,'ALBERT CAMUS',69600,'OULLINS',69,149,79.41,'Appartement',5),
(384,133000,34,NULL,'RUE',70,'ANTOINE POMMEROL',69190,'ST FONS',69,199,67.12,'Appartement',3),
(476,68800,26,NULL,'RUE',60,'ANATOLE FRANCE',69200,'VENISSIEUX',69,259,18.9,'Appartement',2),
(477,112900,8,NULL,'RUE',106,'ARISTIDE BRUANT',69200,'VENISSIEUX',69,259,66.1,'Appartement',3),
(494,130750,66,NULL,'RUE',100,'ANTOINE ARNAUD',69400,'VILLEFRANCHE',69,264,69.35,'Appartement',3),
(495,105000,134,NULL,'RUE',100,'ANTOINE ARNAUD',69400,'VILLEFRANCHE',69,264,43.16,'Appartement',2),
(498,220500,3,NULL,'RUE',40,'ALEXANDRE BOUTIN',69100,'VILLEURBANNE',69,266,49.51,'Appartement',2),
(499,153000,15,NULL,'RUE',90,'ALFRED BRINON',69100,'VILLEURBANNE',69,266,60.53,'Appartement',3),
(500,120000,6,NULL,'RUE',150,'ANATOLE FRANCE',69100,'VILLEURBANNE',69,266,23.19,'Appartement',1),
(501,192500,60,NULL,'RUE',150,'ANATOLE FRANCE',69100,'VILLEURBANNE',69,266,46.64,'Appartement',2),
(502,180000,173,NULL,'RUE',150,'ANATOLE FRANCE',69100,'VILLEURBANNE',69,266,67.62,'Appartement',4),
(503,215000,4,NULL,'RUE',160,'ANTOINE BERNOUX',69100,'VILLEURBANNE',69,266,67.17,'Appartement',4),
(504,243150,53,'A','AV',180,'ANTOINE ST EXUPERY',69100,'VILLEURBANNE',69,266,46.66,'Appartement',2),
(505,209410,53,'C','AV',180,'ANTOINE ST EXUPERY',69100,'VILLEURBANNE',69,266,44.8,'Appartement',2),
(506,113000,42,NULL,'RUE',200,'ANTONIN PERRIN',69100,'VILLEURBANNE',69,266,30.13,'Appartement',1),
(507,163000,44,NULL,'RUE',200,'ANTONIN PERRIN',69100,'VILLEURBANNE',69,266,54.68,'Appartement',3),
(508,374200,64,NULL,'RUE',200,'ANTONIN PERRIN',69100,'VILLEURBANNE',69,266,109.78,'Appartement',5),
(509,217500,26,'A','RUE',230,'ARAGO',69100,'VILLEURBANNE',69,266,70.46,'Appartement',3),
(510,149000,3,'T','RUE',230,'ARAGO',69100,'VILLEURBANNE',69,266,32.82,'Appartement',1),
(511,154500,35,NULL,'RUE',230,'ARAGO',69100,'VILLEURBANNE',69,266,40.48,'Appartement',2),
(518,158000,1,NULL,'RUE',164,'ANTOINE LOUVIER',69960,'CORBAS',69,273,39.65,'Appartement',2),
(519,143000,3,NULL,'RUE',164,'ANTOINE LOUVIER',69960,'CORBAS',69,273,39.54,'Appartement',2),
(520,164500,18,'B','RUE',90,'ANTOINE LUMIERE',69150,'DECINES-CHARPIEU',69,275,66.65,'Appartement',3),
(547,158000,29,NULL,'RUE',1338,'ANTOINE  VACHER',69330,'MEYZIEU',69,282,46.6,'Appartement',2),
(555,155000,3,NULL,'RUE',52,'ANDRE JANIER',69140,'RILLIEUX-LA-PAPE',69,286,40.58,'Appartement',2),
(561,239600,35,NULL,'AV',40,'AMEDEE RONIN',69780,'SAINT-PIERRE-DE-CHANDIEU',69,289,78.86,'Appartement',4),
(566,180500,11,NULL,'RUE',90,'ARISTIDE BRIAND',69800,'SAINT-PRIEST',69,290,69.48,'Appartement',3),
(567,198000,11,NULL,'RUE',90,'ARISTIDE BRIAND',69800,'SAINT-PRIEST',69,290,66.24,'Appartement',3),
(634,520000,1,NULL,'CRS',60,'ARISTIDE BRIAND',69300,'CALUIRE ET CUIRE',69,34,100.95,'Appartement',3),
(635,308000,31,NULL,'CRS',60,'ARISTIDE BRIAND',69300,'CALUIRE ET CUIRE',69,34,54.21,'Appartement',2),
(636,95000,42,NULL,'CRS',60,'ARISTIDE BRIAND',69300,'CALUIRE ET CUIRE',69,34,11.06,'Appartement',1),
(693,247870,8,NULL,'QUAI',275,'ANDRE LASSAGNE',69001,'LYON 1ER',69,381,41.78,'Appartement',1),
(694,750000,14,NULL,'QUAI',275,'ANDRE LASSAGNE',69001,'LYON 1ER',69,381,124.75,'Appartement',4),
(699,220000,27,NULL,'RUE',2120,'ANTOINE DELANDINE',69002,'LYON 2EME',69,382,44.22,'Appartement',2),
(700,559000,5,NULL,'PL',395,'ANTONIN PONCET',69002,'LYON 2EME',69,382,123.35,'Appartement',4),
(701,2072500,5,NULL,'PL',395,'ANTONIN PONCET',69002,'LYON 2EME',69,382,320.92,'Appartement',8),
(702,257000,125,NULL,'CRS',120,'ALBERT THOMAS',69003,'LYON 3EME',69,383,49.1,'Appartement',2),
(703,245100,155,NULL,'CRS',120,'ALBERT THOMAS',69003,'LYON 3EME',69,383,59.57,'Appartement',2),
(704,117000,161,NULL,'CRS',120,'ALBERT THOMAS',69003,'LYON 3EME',69,383,25.05,'Appartement',1),
(705,350000,279,NULL,'RUE',280,'ANDRE PHILIP',69003,'LYON 3EME',69,383,71.3,'Appartement',3),
(706,68900,15,NULL,'RUE',490,'ARTAUD',69004,'LYON 4EME',69,384,20.02,'Appartement',1),
(707,477130,38,NULL,'RUE',490,'ARTAUD',69004,'LYON 4EME',69,384,74.67,'Appartement',4),
(711,121167,348,NULL,'RUE',280,'ANDRE PHILIP',69007,'LYON 7EME',69,387,25.16,'Appartement',1),
(713,179000,28,NULL,'CRS',120,'ALBERT THOMAS',69008,'LYON 8EME',69,388,35.43,'Appartement',1),
(714,173000,2,NULL,'PL',200,'AMBROISE COURTOIS',69008,'LYON 8EME',69,388,50.35,'Appartement',3),
(715,223500,1,NULL,'PL',73,'ABBE PIERRE',69009,'LYON 9EME',69,389,80.66,'Appartement',4),
(752,188840,1,NULL,'RUE',14,'AMABLE AUDIN',69630,'CHAPONOST',69,43,40.33,'Appartement',2),
(956,566950,13,NULL,'RUE',20,'AMPERE',69660,'COLLONGES-AU-MONT- D OR',69,63,134.1,'Maison',4),
(584,52000,11,'C','ALL',28,'ANDRE MAROSELLI',70300,'LUXEUIL-LES-BAINS',70,311,77.28,'Appartement',3),
(514,75000,2,NULL,'RUE',100,'AGUT',71000,'MACON',71,270,25.9,'Appartement',2),
(1048,71500,4,NULL,'RUE',270,'AMBROISE PARE',71100,'CHALON-SUR-SAONE',71,76,62,'Appartement',3),
(1049,47050,19,NULL,'RUE',270,'AMBROISE PARE',71100,'CHALON-SUR-SAONE',71,76,51.13,'Appartement',3),
(306,106000,80,NULL,'QUAI',225,'AMIRAL LALANDE',72000,'LE MANS',72,181,69.8,'Appartement',4),
(307,171000,92,NULL,'QUAI',225,'AMIRAL LALANDE',72000,'LE MANS',72,181,66.26,'Appartement',3),
(308,45800,2,NULL,'RUE',112,'ALCIDE DE GASPERI',72100,'LE MANS',72,181,56.1,'Appartement',2),
(309,47826,2,NULL,'RUE',112,'ALCIDE DE GASPERI',72100,'LE MANS',72,181,60.71,'Appartement',3),
(43,233050,1,NULL,'RUE',230,'ARISTIDE BRIAND',74000,'ANNECY',74,10,63.29,'Appartement',3),
(290,1100000,64,NULL,'RUE',60,'AMBROISE MARTIN',74120,'MEGEVE',74,173,86.79,'Appartement',3),
(431,253635,256,NULL,'RUE',11,'ADHEMAR FABRI',74800,'LA ROCHE SUR FORON',74,224,70.52,'Appartement',3),
(1,145300,254,NULL,'ART',40,'ANCIENNE RTE IMPERIALE',74700,'SALLANCHES',74,256,66.9,'Appartement',3),
(2,164000,475,NULL,'ART',40,'ANCIENNE RTE IMPERIALE',74700,'SALLANCHES',74,256,55.26,'Appartement',3),
(473,106290,95,NULL,'ART',790,'ANCIENNE RTE DE COMBLOUX',74700,'SALLANCHES',74,256,34,'Appartement',2),
(51,165000,53,NULL,'RUE',5927,'AU MAIRE',75003,'PARIS 03',75,103,11.46,'Appartement',1),
(52,620000,55,NULL,'RUE',5927,'AU MAIRE',75003,'PARIS 03',75,103,48.37,'Appartement',3),
(53,466080,59,NULL,'RUE',5927,'AU MAIRE',75003,'PARIS 03',75,103,40.07,'Appartement',2),
(63,1650000,4,NULL,'RUE',523,'AUBRIOT',75004,'PARIS 04',75,104,119.9,'Appartement',4),
(64,400000,9,NULL,'RUE',523,'AUBRIOT',75004,'PARIS 04',75,104,31.14,'Appartement',2),
(66,1750750,9,NULL,'RUE',118,'ALBERT DE LAPPARENT',75007,'PARIS 07',75,107,96.82,'Appartement',4),
(67,215000,9,NULL,'RUE',268,'AMELIE',75007,'PARIS 07',75,107,15.88,'Appartement',1),
(68,230000,18,NULL,'RUE',268,'AMELIE',75007,'PARIS 07',75,107,15.8,'Appartement',1),
(69,2300000,23,NULL,'QUAI',307,'ANATOLE FRANCE',75007,'PARIS 07',75,107,320.2,'Appartement',8),
(75,639000,14,NULL,'CRS',124,'ALBERT 1ER',75008,'PARIS 08',75,108,42.97,'Appartement',2),
(76,750000,40,NULL,'CRS',124,'ALBERT 1ER',75008,'PARIS 08',75,108,96.1,'Appartement',3),
(77,543847,5,NULL,'RUE',337,'ANDRIEUX',75008,'PARIS 08',75,108,49.52,'Appartement',2),
(98,792000,9,NULL,'RUE',188,'ALFRED STEVENS',75009,'PARIS 09',75,109,71.31,'Appartement',3),
(100,328800,3,NULL,'RUE',159,'ALEXANDRE PARODI',75010,'PARIS 10',75,110,27.09,'Appartement',2),
(101,275000,12,NULL,'RUE',478,'ARTHUR GROUSSIER',75010,'PARIS 10',75,110,29.02,'Appartement',2),
(102,299100,18,NULL,'RUE',478,'ARTHUR GROUSSIER',75010,'PARIS 10',75,110,27.14,'Appartement',1),
(103,420238,4,NULL,'RUE',34,'ABEL RABAUD',75011,'PARIS 11',75,111,39.47,'Appartement',2),
(104,525000,4,NULL,'RUE',155,'ALEXANDRE DUMAS',75011,'PARIS 11',75,111,45.5,'Appartement',3),
(105,960000,66,NULL,'RUE',272,'AMELOT',75011,'PARIS 11',75,111,82.5,'Appartement',4),
(106,281000,88,NULL,'RUE',272,'AMELOT',75011,'PARIS 11',75,111,25.07,'Appartement',1),
(107,706000,102,NULL,'RUE',272,'AMELOT',75011,'PARIS 11',75,111,67.29,'Appartement',3),
(108,223000,153,NULL,'RUE',272,'AMELOT',75011,'PARIS 11',75,111,17.37,'Appartement',1),
(109,321000,8,NULL,'PAS',32,'ABEL LEBLANC',75012,'PARIS 12',75,112,27.15,'Appartement',2),
(111,317333,6,NULL,'RUE',119,'ALBERT BAYET',75013,'PARIS 13',75,113,33.25,'Appartement',1),
(112,499000,2,NULL,'SQ',132,'ALBIN CACHOT',75013,'PARIS 13',75,113,48.75,'Appartement',3),
(113,323000,3,NULL,'SQ',132,'ALBIN CACHOT',75013,'PARIS 13',75,113,33.08,'Appartement',2),
(114,385000,7,NULL,'SQ',132,'ALBIN CACHOT',75013,'PARIS 13',75,113,36.68,'Appartement',2),
(115,278000,9,NULL,'SQ',132,'ALBIN CACHOT',75013,'PARIS 13',75,113,29.9,'Appartement',2),
(116,575000,10,NULL,'SQ',132,'ALBIN CACHOT',75013,'PARIS 13',75,113,55.83,'Appartement',3),
(117,755000,6,NULL,'BD',402,'ARAGO',75013,'PARIS 13',75,113,70.75,'Appartement',2),
(118,275000,40,NULL,'BD',402,'ARAGO',75013,'PARIS 13',75,113,22.95,'Appartement',1),
(119,605000,6,NULL,'RUE',61,'ADOLPHE FOCILLON',75014,'PARIS 14',75,114,54.32,'Appartement',2),
(120,409690,9,NULL,'RUE',61,'ADOLPHE FOCILLON',75014,'PARIS 14',75,114,32.18,'Appartement',2),
(121,458650,1,NULL,'VLA',82,'ADRIENNE SIMON',75014,'PARIS 14',75,114,40.2,'Appartement',3),
(122,505000,1,NULL,'VLA',82,'ADRIENNE SIMON',75014,'PARIS 14',75,114,44,'Appartement',3),
(123,321470.1,2,NULL,'VLA',82,'ADRIENNE SIMON',75014,'PARIS 14',75,114,25.31,'Appartement',2),
(124,352000,8,NULL,'RUE',181,'ALFRED DURAND CLAYE',75014,'PARIS 14',75,114,35.62,'Appartement',2),
(125,260000,6,NULL,'RUE',233,'ALPHONSE DAUDET',75014,'PARIS 14',75,114,26.16,'Appartement',2),
(126,640000,15,NULL,'RUE',233,'ALPHONSE DAUDET',75014,'PARIS 14',75,114,58.78,'Appartement',2),
(127,910000,7,NULL,'RUE',376,'ANTOINE CHANTIN',75014,'PARIS 14',75,114,79.04,'Appartement',3),
(128,370000,11,NULL,'RUE',376,'ANTOINE CHANTIN',75014,'PARIS 14',75,114,41.04,'Appartement',2),
(130,281520,4,NULL,'PL',59,'ADOLPHE CHERIOUX',75015,'PARIS 15',75,115,23.15,'Appartement',2),
(131,423000,11,NULL,'PL',59,'ADOLPHE CHERIOUX',75015,'PARIS 15',75,115,36.91,'Appartement',2),
(132,177000,16,NULL,'PL',59,'ADOLPHE CHERIOUX',75015,'PARIS 15',75,115,20.7,'Appartement',1),
(133,335000,39,NULL,'RUE',108,'ALAIN CHARTIER',75015,'PARIS 15',75,115,32.73,'Appartement',2),
(134,279400,3,NULL,'RUE',372,'ANTOINE BOURDELLE',75015,'PARIS 15',75,115,21.4,'Appartement',1),
(136,215000,1,NULL,'AV',247,'ALPHONSE XIII',75016,'PARIS 16',75,116,25.7,'Appartement',0),
(137,525000,9,NULL,'AV',247,'ALPHONSE XIII',75016,'PARIS 16',75,116,41.38,'Appartement',2),
(138,278500,12,NULL,'RUE',103,'ALBERT ROUSSEL',75017,'PARIS 17',75,117,30.5,'Appartement',2),
(139,835000,12,NULL,'RUE',103,'ALBERT ROUSSEL',75017,'PARIS 17',75,117,92.41,'Appartement',4),
(140,1220000,11,'B','RUE',297,'AMPERE',75017,'PARIS 17',75,117,111.04,'Appartement',5),
(141,2670000,11,'B','RUE',297,'AMPERE',75017,'PARIS 17',75,117,212.71,'Appartement',6),
(142,2409950,45,NULL,'RUE',297,'AMPERE',75017,'PARIS 17',75,117,187.9,'Appartement',6),
(143,278846,6,NULL,'RUE',477,'ARTHUR BRIERE',75017,'PARIS 17',75,117,27.03,'Appartement',2),
(144,88000,16,NULL,'RUE',51,'ACHILLE MARTINET',75018,'PARIS 18',75,118,11.45,'Appartement',1),
(145,424000,16,NULL,'RUE',51,'ACHILLE MARTINET',75018,'PARIS 18',75,118,38.42,'Appartement',2),
(146,470000,20,NULL,'RUE',51,'ACHILLE MARTINET',75018,'PARIS 18',75,118,36.62,'Appartement',2),
(147,242000,1,NULL,'RUE',86,'AFFRE',75018,'PARIS 18',75,118,30.67,'Appartement',2),
(148,281500,20,NULL,'RUE',86,'AFFRE',75018,'PARIS 18',75,118,30.18,'Appartement',2),
(149,591700,6,NULL,'RUE',315,'ANDRE ANTOINE',75018,'PARIS 18',75,118,50.12,'Appartement',3),
(150,265200,27,NULL,'RUE',316,'ANDRE BARSACQ',75018,'PARIS 18',75,118,19.02,'Appartement',2),
(151,479300,7,NULL,'RUE',321,'ANDRE DEL SARTE',75018,'PARIS 18',75,118,39.92,'Appartement',2),
(152,665000,12,NULL,'RUE',321,'ANDRE DEL SARTE',75018,'PARIS 18',75,118,56.23,'Appartement',3),
(153,301932.9,14,NULL,'RUE',321,'ANDRE DEL SARTE',75018,'PARIS 18',75,118,24.85,'Appartement',2),
(154,1230000,14,NULL,'RUE',321,'ANDRE DEL SARTE',75018,'PARIS 18',75,118,75.09,'Appartement',3),
(163,650000,12,NULL,'VLA',127,'ALBERT ROBIDA',75019,'PARIS 19',75,119,71.96,'Appartement',3),
(164,415200,8,NULL,'ALL',357,'ANNE DE BEAUJEU',75019,'PARIS 19',75,119,81.74,'Appartement',4),
(165,254000,11,NULL,'RUE',451,'ARMAND CARREL',75019,'PARIS 19',75,119,34.69,'Appartement',2),
(166,278500,11,NULL,'RUE',451,'ARMAND CARREL',75019,'PARIS 19',75,119,30.17,'Appartement',2),
(167,316500,11,NULL,'RUE',451,'ARMAND CARREL',75019,'PARIS 19',75,119,34.87,'Appartement',2),
(168,640000,17,NULL,'RUE',481,'ARTHUR ROZIER',75019,'PARIS 19',75,119,60.7,'Appartement',3),
(169,715500,29,NULL,'RUE',481,'ARTHUR ROZIER',75019,'PARIS 19',75,119,78.19,'Appartement',5),
(170,431975,41,NULL,'RUE',481,'ARTHUR ROZIER',75019,'PARIS 19',75,119,47.71,'Appartement',2),
(177,210000,2,NULL,'CITE',77,'ADRIENNE',75020,'PARIS 20',75,120,23.1,'Appartement',1),
(178,781000,69,NULL,'RUE',155,'ALEXANDRE DUMAS',75020,'PARIS 20',75,120,81.58,'Appartement',3),
(179,438000,76,NULL,'RUE',155,'ALEXANDRE DUMAS',75020,'PARIS 20',75,120,43.36,'Appartement',3),
(180,345880,80,NULL,'RUE',155,'ALEXANDRE DUMAS',75020,'PARIS 20',75,120,33.58,'Appartement',2),
(181,155000,17,NULL,'RUE',245,'ALPHONSE PENAUD',75020,'PARIS 20',75,120,14.49,'Appartement',1),
(182,230000,17,NULL,'RUE',245,'ALPHONSE PENAUD',75020,'PARIS 20',75,120,14.72,'Appartement',1),
(183,655000,26,NULL,'RUE',245,'ALPHONSE PENAUD',75020,'PARIS 20',75,120,103.56,'Appartement',4),
(184,190000,40,NULL,'RUE',245,'ALPHONSE PENAUD',75020,'PARIS 20',75,120,17.02,'Appartement',1),
(407,80500,1,'B','RUE',30,'ALFRED DUTHIL',76160,'DARNETAL',76,212,43.32,'Appartement',2),
(409,49000,16,NULL,'AV',70,'ALEXANDRE ANQUETIN',76200,'DIEPPE',76,217,61.52,'Appartement',4),
(472,160000,14,NULL,'RUE',40,'ADOLPHE BOISSAYE',76790,'ETRETAT',76,254,53.59,'Appartement',1),
(478,50000,173,NULL,'RUE',44,'ANITA CONTI',76400,'FECAMP',76,259,56.21,'Appartement',3),
(479,58000,225,NULL,'RUE',44,'ANITA CONTI',76400,'FECAMP',76,259,62.06,'Appartement',3),
(480,44000,227,NULL,'RUE',44,'ANITA CONTI',76400,'FECAMP',76,259,46.93,'Appartement',2),
(481,54200,253,NULL,'RUE',44,'ANITA CONTI',76400,'FECAMP',76,259,54,'Appartement',3),
(637,73000,2,NULL,'RUE',95,'ARVID HARNACK',76700,'HARFLEUR',76,341,58.8,'Appartement',3),
(638,92000,4,NULL,'RUE',95,'ARVID HARNACK',76700,'HARFLEUR',76,341,58.8,'Appartement',3),
(650,93500,4,NULL,'RUE',290,'AMIRAL COURBET',76600,'LE HAVRE',76,351,42.41,'Appartement',2),
(651,48000,6,NULL,'RUE',290,'AMIRAL COURBET',76600,'LE HAVRE',76,351,32.92,'Appartement',2),
(652,180649,31,NULL,'BD',300,'AMIRAL MOUCHEZ',76600,'LE HAVRE',76,351,67.73,'Appartement',2),
(653,75500,95,'B','RUE',310,'ANATOLE FRANCE',76600,'LE HAVRE',76,351,44.53,'Appartement',3),
(654,107000,38,NULL,'RUE',310,'ANATOLE FRANCE',76600,'LE HAVRE',76,351,36.66,'Appartement',2),
(655,214630,85,NULL,'RUE',310,'ANATOLE FRANCE',76600,'LE HAVRE',76,351,18.1,'Appartement',1),
(656,38500,24,NULL,'PAS',315,'ANCEL',76600,'LE HAVRE',76,351,24.83,'Appartement',1),
(657,58500,407,NULL,'RUE',410,'ARISTIDE BRIAND',76600,'LE HAVRE',76,351,43.2,'Appartement',3),
(658,126000,88,NULL,'RUE',125,'ALBERT COPIEUX',76620,'LE HAVRE',76,351,83.07,'Appartement',4),
(833,70000,284,NULL,'RUE',30,'ARISTIDE BRIAND',76650,'PETIT-COURONNE (LE)',76,497,44.32,'Appartement',3),
(877,94700,13,'A','RUE',240,'ALBERT SOREL',76100,'ROUEN',76,540,50.37,'Appartement',2),
(878,128063,40,NULL,'RUE',350,'AMIRAL CECILLE',76100,'ROUEN',76,540,94.7,'Appartement',4),
(891,212500,4,NULL,'RUE',10,'ALBERT DUBOSC',76310,'STE ADRESSE',76,552,79.01,'Appartement',4),
(49,299000,15,NULL,'ALL',5,'AGNES SOREL',77820,'CHATELET-EN-BRIE (LE)',77,100,133.8,'Maison',5),
(129,126900,7,NULL,'RUE',20,'AMAN JEAN',77173,'CHEVRY-COSSIGNY',77,114,28.26,'Appartement',1),
(155,186631,42,NULL,'AV',40,'ARISTIDE BRIAND',77410,'CLAYE-SOUILLY',77,118,39.19,'Appartement',2),
(336,156000,41,NULL,'RUE',80,'ARISTIDE BRIAND',77300,'FONTAINEBLEAU',77,186,44.26,'Appartement',2),
(337,122000,78,NULL,'RUE',80,'ARISTIDE BRIAND',77300,'FONTAINEBLEAU',77,186,33.07,'Appartement',2),
(463,180000,19,NULL,'AV',45,'ALBERT CAMUS',77400,'LAGNY-SUR-MARNE',77,243,71.77,'Appartement',3),
(464,177600,23,NULL,'AV',45,'ALBERT CAMUS',77400,'LAGNY-SUR-MARNE',77,243,89.77,'Appartement',4),
(465,211000,23,NULL,'AV',45,'ALBERT CAMUS',77400,'LAGNY-SUR-MARNE',77,243,77.05,'Appartement',3),
(466,320530,25,NULL,'AV',45,'ALBERT CAMUS',77400,'LAGNY-SUR-MARNE',77,243,141.5,'Appartement',5),
(474,196060,39,NULL,'RUE',1670,'AUBER',77185,'LOGNES',77,258,97.9,'Maison',5),
(550,106000,6,NULL,'RUE',13,'ALBERT CAMUS',77100,'MEAUX',77,284,66.59,'Appartement',3),
(551,154000,6,NULL,'RUE',13,'ALBERT CAMUS',77100,'MEAUX',77,284,76.33,'Appartement',4),
(552,456500,12,'B','RUE',30,'ALFRED MAURY',77100,'MEAUX',77,284,32.32,'Appartement',2),
(553,93000,53,NULL,'RUE',90,'ARISTIDE BRIAND',77100,'MEAUX',77,284,26.73,'Appartement',1),
(554,194000,6,NULL,'ALL',106,'ATLAS',77100,'MEAUX',77,284,68.86,'Maison',3),
(559,69000,19,'B','BD',90,'ARISTIDE BRIAND',77000,'MELUN',77,288,21.86,'Appartement',1),
(560,74000,15,NULL,'AV',109,'ARMAND DE LA ROCHETTE',77000,'MELUN',77,288,26.89,'Appartement',1),
(580,144000,8,NULL,'RUE',36,'ALFRED NODET',77130,'MONTEREAU FAULT YONNE',77,305,59.9,'Appartement',3),
(581,62500,13,NULL,'RUE',5,'ANATOLE FRANCE',77130,'MONTEREAU FAULT YONNE',77,305,60.9,'Appartement',3),
(582,67000,13,NULL,'RUE',5,'ANATOLE FRANCE',77130,'MONTEREAU FAULT YONNE',77,305,76.79,'Appartement',4),
(613,57000,13,NULL,'IMP',20,'ANCIENNE LAITERIE',77480,'MOUY-SUR-SEINE',77,325,82.37,'Appartement',5),
(614,46000,15,NULL,'IMP',20,'ANCIENNE LAITERIE',77480,'MOUY-SUR-SEINE',77,325,63.4,'Maison',3),
(618,69000,3,NULL,'RUE',10,'ARISTIDE BRIAND',77370,'NANGIS',77,327,34.4,'Appartement',3),
(619,135000,17,NULL,'RUE',10,'ARISTIDE BRIAND',77370,'NANGIS',77,327,86.45,'Appartement',3),
(649,323000,13,NULL,'RUE',35,'ALPHONSE ALLAIS',77330,'OZOIR LA FERRIERE',77,350,109.23,'Maison',6),
(677,491200,4,NULL,'RUE',35,'ALEX',77340,'PONTAULT COMBAULT',77,373,124.98,'Maison',7),
(678,457000,37,NULL,'RUE',38,'ALFRED DE MUSSET',77340,'PONTAULT COMBAULT',77,373,160.18,'Maison',7),
(679,163000,4,NULL,'ALL',45,'ARTHUR RIMBAUD',77340,'PONTAULT COMBAULT',77,373,46.07,'Appartement',2),
(680,166000,6,NULL,'ALL',45,'ARTHUR RIMBAUD',77340,'PONTAULT COMBAULT',77,373,60.23,'Appartement',3),
(681,243000,13,NULL,'ALL',45,'ARTHUR RIMBAUD',77340,'PONTAULT COMBAULT',77,373,91.47,'Maison',4),
(736,232800,821,NULL,'RUE',60,'ALFRED DARROUX',77310,'SAINT-FARGEAU-PONTHIERRY',77,407,105.09,'Appartement',5),
(785,170000,10,NULL,'RUE',1008,'ALFRED DE MUSSET',77176,'SAVIGNY-LE-TEMPLE',77,445,73.03,'Maison',5),
(786,197000,35,NULL,'RUE',1007,'ALFRED DE VIGNY',77176,'SAVIGNY-LE-TEMPLE',77,445,106.95,'Maison',6),
(858,146330,5,NULL,'RUE',112,'ANDRE BOHEC',77270,'VILLEPARISIS',77,514,42.67,'Appartement',2),
(859,220000,42,NULL,'AV',120,'ARISTIDE BRIAND',77270,'VILLEPARISIS',77,514,85.91,'Appartement',4),
(871,157000,3,NULL,'RUE',4,'ALBERT CAMUS',77170,'BRIE COMTE ROBERT',77,53,49.13,'Appartement',2),
(904,215000,12,'B','AV',10,'ANDRE MALRAUX',77600,'BUSSY-SAINT-GEORGES',77,58,60.03,'Appartement',3),
(905,130000,38,NULL,'BD',44,'ANTOINE GIROUST',77600,'BUSSY-SAINT-GEORGES',77,58,30.03,'Appartement',1),
(906,243000,54,NULL,'BD',44,'ANTOINE GIROUST',77600,'BUSSY-SAINT-GEORGES',77,58,61.44,'Appartement',3),
(907,252900,75,NULL,'BD',44,'ANTOINE GIROUST',77600,'BUSSY-SAINT-GEORGES',77,58,67.12,'Appartement',3),
(908,168500,2,NULL,'RUE',17,'ARISTIDE MAILLOL',77600,'BUSSY-SAINT-GEORGES',77,58,44.8,'Appartement',2),
(909,202500,2,NULL,'RUE',17,'ARISTIDE MAILLOL',77600,'BUSSY-SAINT-GEORGES',77,58,63.32,'Appartement',3),
(1068,394000,5,NULL,'CHE',31,'ARMAND LANOUX',77420,'CHAMPS-SUR-MARNE',77,83,105.21,'Maison',4),
(245,200000,29,NULL,'RUE',30,'ALBERT JOLY',78400,'CHATOU',78,146,35.64,'Appartement',2),
(246,235200,15,NULL,'RUE',70,'ANDRE DERAIN',78400,'CHATOU',78,146,67.74,'Appartement',4),
(279,154500,8,NULL,'RUE',15,'ALBERT CAMUS',78340,'CLAYES-SOUS-BOIS (LES)',78,165,66.43,'Appartement',4),
(410,162000,10,NULL,'RUE',30,'ANTAR',78680,'EPONE',78,217,55.38,'Maison',2),
(411,225000,1,NULL,'RUE',31,'ARISTIDE BELLANGER',78680,'EPONE',78,217,60.75,'Appartement',3),
(568,240000,1,NULL,'SQ',6,'ANNE FRANK',78280,'GUYANCOURT',78,297,81.69,'Appartement',4),
(585,275000,53,NULL,'RUE',20,'ALEXANDRE DUMAS',78800,'HOUILLES',78,311,52.19,'Maison',3),
(586,451000,433,NULL,'RUE',40,'AMBROISE PARE',78800,'HOUILLES',78,311,95.05,'Maison',4),
(587,520000,433,NULL,'RUE',40,'AMBROISE PARE',78800,'HOUILLES',78,311,106.1,'Maison',4),
(588,120000,80,NULL,'PL',71,'ANDRE MALRAUX',78800,'HOUILLES',78,311,19.24,'Appartement',1),
(589,2000000,152,NULL,'PL',71,'ANDRE MALRAUX',78800,'HOUILLES',78,311,68.12,'Appartement',3),
(605,150000,13,NULL,'ALL',9,'ANDRE  LE NOTRE',78760,'JOUARS-PONTCHARTRAIN',78,321,40.8,'Appartement',1),
(606,123000,21,NULL,'ALL',9,'ANDRE  LE NOTRE',78760,'JOUARS-PONTCHARTRAIN',78,321,31.18,'Appartement',1),
(659,200000,4,NULL,'AV',20,'ADRIENNE LECOUVREUR',78600,'MAISONS-LAFFITTE',78,358,47.15,'Appartement',2),
(661,145000,5,NULL,'RUE',44,'ALEXANDRE PALOMBE',78200,'MANTES-LA-JOLIE',78,361,60.79,'Appartement',3),
(662,116500,10,NULL,'RUE',140,'ARMAND CASSAN',78200,'MANTES-LA-JOLIE',78,361,56.73,'Appartement',3),
(675,259850,12,NULL,'RUE',30,'ALEXANDRE DUMAS',78160,'MARLY-LE-ROI',78,372,53.65,'Appartement',3),
(676,252000,5,NULL,'ALL',42,'ALFRED SISLEY',78160,'MARLY-LE-ROI',78,372,72.22,'Appartement',3),
(720,176500,3,NULL,'RUE',10,'ARISTIDE BRIAND',78600,'MESNIL-LE-ROI (LE)',78,396,47.07,'Appartement',2),
(721,138000,39,NULL,'AV',20,'ANDRE LECLERC',78320,'MESNIL-SAINT-DENIS (LE)',78,397,31.19,'Appartement',2),
(735,133000,36,NULL,'RUE',5,'ALFRED LASSON',78250,'MEZY-SUR-SEINE',78,403,49,'Appartement',3),
(790,244000,38,NULL,'RUE',20,'ANDRE LE BOURBLANC',78590,'NOISY LE ROI',78,455,53.27,'Appartement',2),
(791,115000,69,NULL,'RUE',20,'ANDRE LE BOURBLANC',78590,'NOISY LE ROI',78,455,21.65,'Maison',1),
(792,870000,69,NULL,'RUE',20,'ANDRE LE BOURBLANC',78590,'NOISY LE ROI',78,455,181.1,'Maison',6),
(817,447820,7,NULL,'RUE',30,'ALEXANDRE DUMAS',78230,'PECQ (LE)',78,481,87,'Maison',4),
(829,145000,275,NULL,'RUE',10,'ABEL GUYET',78370,'PLAISIR',78,490,25.03,'Appartement',1),
(830,312320.3,13,'B','RUE',14,'ALBERT EINSTEIN',78370,'PLAISIR',78,490,54.94,'Appartement',2),
(831,166500,18,NULL,'RUE',20,'ALEXANDRE DUMAS',78370,'PLAISIR',78,490,44.72,'Appartement',2),
(836,176000,1,NULL,'RUE',19,'ALFRED KASTLER',78260,'ACHERES',78,5,41.64,'Appartement',1),
(860,183700,8,NULL,'RUE',31,'ANTOINETTE VERNES',78120,'RAMBOUILLET',78,517,71.7,'Appartement',3),
(861,191971,8,NULL,'RUE',31,'ANTOINETTE VERNES',78120,'RAMBOUILLET',78,517,70.94,'Appartement',3),
(889,195800,17,NULL,'RUE',90,'ANDRE BONNENFANT',78100,'SAINT-GERMAIN-EN-LAYE',78,551,24.04,'Appartement',1),
(890,279000,4,NULL,'RUE',135,'ARTHUR HONEGGER',78100,'SAINT-GERMAIN-EN-LAYE',78,551,84.21,'Appartement',4),
(914,126000,4,NULL,'CHE',123,'ANDRE DERAIN',78500,'SARTROUVILLE',78,586,55.01,'Appartement',2),
(915,191260,20,NULL,'ALL',186,'ARTHUR RIMBAUD',78500,'SARTROUVILLE',78,586,141,'Maison',4),
(941,197500,8,NULL,'ALL',13,'AIME CESAIRE',78190,'TRAPPES',78,621,84.43,'Appartement',4),
(942,154680,3,NULL,'RUE',27,'ALEXANDRA DAVID-NEEL',78190,'TRAPPES',78,621,63.79,'Appartement',3),
(943,177655,5,NULL,'RUE',27,'ALEXANDRA DAVID-NEEL',78190,'TRAPPES',78,621,75,'Appartement',4),
(965,80000,8,NULL,'RUE',30,'ALBERT THOMAS',78140,'VELIZY VILLACOUBLAY',78,640,23.58,'Appartement',1),
(966,255000,45,NULL,'RUE',50,'ARISTIDE BRIAND',78140,'VELIZY VILLACOUBLAY',78,640,63.07,'Appartement',3),
(969,467000,48,NULL,'RUE',50,'ALBERT JOLY',78000,'VERSAILLES',78,646,88.2,'Appartement',4),
(970,474230,8,NULL,'PL',100,'ALEXANDRE 1E LOUIS BARTHOU',78000,'VERSAILLES',78,646,62.03,'Appartement',2),
(971,310000,6,NULL,'RUE',110,'ALEXANDRE BONTEMPS',78000,'VERSAILLES',78,646,45.75,'Appartement',1),
(972,473000,2,NULL,'RUE',128,'ALEXIS DE TOCQUEVILLE',78000,'VERSAILLES',78,646,66.05,'Appartement',3),
(973,304000,8,NULL,'RUE',160,'ANDRE CHENIER',78000,'VERSAILLES',78,646,36.22,'Appartement',2),
(976,113000,3,'B','RUE',10,'ALBERT JOLY',78110,'VESINET (LE)',78,650,16.85,'Appartement',1),
(1035,287271,9,NULL,'AV',42,'ARLETTY',78390,'BOIS D ARCY',78,73,68.34,'Appartement',3),
(1036,273200,17,NULL,'AV',42,'ARLETTY',78390,'BOIS D ARCY',78,73,63.95,'Appartement',3),
(362,106000,9,NULL,'RUE',147,'ALPHONSE DAUDET',79000,'NIORT',79,191,67.52,'Appartement',3),
(40,54500,3,NULL,'RUE',230,'A BOREL',80100,'ABBEVILLE',80,1,31.38,'Appartement',2),
(41,157500,2,NULL,'AV',80,'ARISTIDE BRIAND',80100,'ABBEVILLE',80,1,92.07,'Appartement',5),
(399,191500,3,NULL,'RUE',115,'AGRIPPA D AUBIGNE',80000,'AMIENS',80,21,100.24,'Appartement',4),
(400,192950,2,NULL,'RUE',450,'ANDRE',80000,'AMIENS',80,21,65.6,'Appartement',2),
(401,116500,23,NULL,'RUE',450,'ANDRE',80000,'AMIENS',80,21,45.56,'Appartement',2),
(821,104500,4,'D','RUE',20,'ALBERT GAILLARD',80330,'LONGUEAU',80,489,54.95,'Appartement',3),
(874,48860,6,NULL,'RUE',30,'ANDRE DUMONT',80350,'MERS-LES-BAINS',80,533,23.11,'Appartement',1),
(188,113000,3,NULL,'PL',104,'ALEXANDRE 1ER',82000,'MONTAUBAN',82,121,92.23,'Appartement',4),
(189,195000,3,NULL,'PL',104,'ALEXANDRE 1ER',82000,'MONTAUBAN',82,121,90.43,'Appartement',4),
(190,69000,209,NULL,'BD',130,'ALSACE LORRAINE',82000,'MONTAUBAN',82,121,46.98,'Appartement',2),
(624,88200,11,NULL,'RUE',60,'ANTONIN DELZERS',82100,'CASTELSARRASIN',82,33,111.35,'Appartement',3),
(70,190000,440,NULL,'ALL',120,'ANCIEN TRAIN DES PIGNES',83380,'ROQUEBRUNE-SUR-ARGENS',83,107,34.92,'Appartement',2),
(110,465000,1,NULL,'BD',86,'ANATOLE DUCROS',83270,'SAINT-CYR-SUR-MER',83,112,84.48,'Appartement',4),
(194,422000,222,NULL,'RUE',16,'ALEXANDRE DUMAS',83110,'SANARY SUR MER',83,123,70.08,'Appartement',3),
(195,110385,3915,NULL,NULL,1219,'ANCIEN CHEM DE TOULON',83110,'SANARY SUR MER',83,123,17.7,'Appartement',1),
(196,100000,4774,NULL,NULL,1219,'ANCIEN CHEM DE TOULON',83110,'SANARY SUR MER',83,123,22.3,'Appartement',1),
(197,102000,4774,NULL,NULL,1219,'ANCIEN CHEM DE TOULON',83110,'SANARY SUR MER',83,123,24.23,'Appartement',1),
(198,107250,4774,NULL,NULL,1219,'ANCIEN CHEM DE TOULON',83110,'SANARY SUR MER',83,123,22.48,'Appartement',1),
(199,109040,4774,NULL,NULL,1219,'ANCIEN CHEM DE TOULON',83110,'SANARY SUR MER',83,123,22.47,'Appartement',1),
(200,223000,117,NULL,'AV',16,'ALEX PEIRE',83500,'LA SEYNE SUR MER',83,126,62.15,'Maison',5),
(201,246410,235,NULL,'AV',16,'ALEX PEIRE',83500,'LA SEYNE SUR MER',83,126,82.43,'Appartement',4),
(202,128500,58,NULL,'AV',43,'AMBROISE THOMAS',83500,'LA SEYNE SUR MER',83,126,39.7,'Appartement',2),
(203,138000,1133,NULL,'RTE',56,'ANC COMBATTANTS INDOCHINE',83500,'LA SEYNE SUR MER',83,126,76.9,'Appartement',4),
(204,87000,47,NULL,'AV',59,'ANTONIO GRAMSCI',83500,'LA SEYNE SUR MER',83,126,43.96,'Appartement',2),
(205,160000,19,NULL,'RUE',71,'ARTHUR RIMBAUD',83500,'LA SEYNE SUR MER',83,126,54.39,'Appartement',3),
(223,106000,10,NULL,'AV',205,'AMIRAL COLLET',83000,'TOULON',83,137,77.5,'Appartement',4),
(224,155000,25,NULL,'RUE',248,'AMIRAL NOMY',83000,'TOULON',83,137,96.4,'Appartement',5),
(225,65400,11,NULL,'RUE',285,'ANATOLE FRANCE',83000,'TOULON',83,137,19.59,'Appartement',1),
(226,116000,2,NULL,'BD',80,'ALATA',83100,'TOULON',83,137,59.79,'Appartement',4),
(227,92500,19,NULL,'RUE',140,'ALEXANDRE VOLTA',83100,'TOULON',83,137,61,'Appartement',4),
(228,146200,9007,NULL,'IMP',180,'AMBROISE THOMAS',83100,'TOULON',83,137,72.24,'Appartement',3),
(229,64500,476,NULL,'AV',405,'ARISTIDE BRIAND',83200,'TOULON',83,137,35.7,'Appartement',1),
(237,100000,42,NULL,'RUE',40,'AMBROISE CROIZAT',83170,'TOURVES',83,140,40.59,'Appartement',2),
(243,138000,9001,NULL,'AV',48,'ARISTIDE BRIAND',83160,'LA VALETTE DU VAR',83,144,60.15,'Appartement',3),
(800,146600,9,NULL,'RUE',7,'ASPIRANT FRANCOIS PHILIPPE',83260,'LA CRAU',83,47,49.01,'Appartement',2),
(929,136500,58,NULL,'RUE',40,'ALBERT EINAUDI',83600,'FREJUS',83,61,58.43,'Appartement',3),
(930,181460,536,NULL,'RUE',40,'ALBERT EINAUDI',83600,'FREJUS',83,61,68.25,'Appartement',4),
(931,264000,384,'B','AV',108,'ANDRE LEOTARD',83600,'FREJUS',83,61,62.85,'Appartement',3),
(932,270000,1096,NULL,'AV',108,'ANDRE LEOTARD',83600,'FREJUS',83,61,69.82,'Maison',3),
(933,142000,178,NULL,'RUE',742,'ARMAND DUVIVIER',83600,'FREJUS',83,61,48.5,'Appartement',3),
(934,160000,330,NULL,'RUE',1355,'ALBERT PIAULT',83130,'LA GARDE',83,62,53.78,'Appartement',2),
(935,210000,330,NULL,'RUE',1355,'ALBERT PIAULT',83130,'LA GARDE',83,62,91.04,'Appartement',4),
(936,225000,330,NULL,'RUE',1355,'ALBERT PIAULT',83130,'LA GARDE',83,62,91.77,'Appartement',4),
(961,295000,511,'A','CHE',67,'ANDRE MALRAUX',83136,'GAREOULT',83,64,115,'Maison',5),
(1007,147860,22,NULL,'RUE',661,'ALPHONSE DAUDET',83400,'HYERES',83,69,33.7,'Appartement',2),
(1008,178800,29,NULL,'AV',70,'ALPHONSE DENIS',83400,'HYERES',83,69,79.76,'Appartement',1),
(1009,63000,29,NULL,'AV',80,'AMBROISE THOMAS',83400,'HYERES',83,69,24.24,'Appartement',1),
(1010,84000,29,NULL,'AV',80,'AMBROISE THOMAS',83400,'HYERES',83,69,24.13,'Appartement',1),
(1011,91000,29,NULL,'AV',80,'AMBROISE THOMAS',83400,'HYERES',83,69,25.01,'Appartement',1),
(1097,260000,351,NULL,'AV',13,'ALBERT 1 ER',83150,'BANDOL',83,9,29.2,'Appartement',1),
(1098,255000,96,NULL,'RUE',32,'AMBROISE PARE',83150,'BANDOL',83,9,78.03,'Appartement',4),
(1099,127500,2,NULL,'TRA',29,'ARISTIDE BRIAND',83150,'BANDOL',83,9,31.97,'Appartement',1),
(1100,216150,2,NULL,'TRA',29,'ARISTIDE BRIAND',83150,'BANDOL',83,9,48.65,'Appartement',2),
(1107,119000,64,NULL,'RUE',293,'ANTOINE-PAULIN JUBERT',83480,'PUGET-SUR-ARGENS',83,99,40.93,'Appartement',2),
(219,150000,648,NULL,'ACH',20,'ANCIEN CHEM D AVIGNON',84250,'LE THOR',84,132,58.79,'Appartement',3),
(230,75000,60,NULL,'IMP',768,'ANDRE DE RICHAUD',84110,'VAISON-LA-ROMAINE',84,137,33.11,'Appartement',1),
(231,90553,6426,'F','RUE',43,'ARISTIDE BRIAND',84110,'VAISON-LA-ROMAINE',84,137,30.73,'Appartement',2),
(1019,70590,1,NULL,'RUE',290,'AMPERE',84000,'AVIGNON',84,7,30.06,'Appartement',2),
(1020,212500,15,NULL,'RUE',300,'AMPHOUX',84000,'AVIGNON',84,7,35.93,'Appartement',2),
(1021,379800,15,NULL,'RUE',300,'AMPHOUX',84000,'AVIGNON',84,7,64.68,'Appartement',3),
(1022,141950,14,NULL,'RUE',326,'ANDRE CHAMSON',84000,'AVIGNON',84,7,73.38,'Appartement',3),
(1078,92559,73,NULL,'RUE',33,'ALBIN DURAND',84100,'ORANGE',84,87,48,'Appartement',2),
(363,62000,4,NULL,'RUE',18,'ABBE BILLAUD',85000,'ROCHE SUR YON (LA)',85,191,21.65,'Appartement',1),
(364,71000,4,NULL,'RUE',18,'ABBE BILLAUD',85000,'ROCHE SUR YON (LA)',85,191,19.8,'Appartement',1),
(365,104900,1,'C','RUE',30,'ABBE PIERRE ARNAUD',85000,'ROCHE SUR YON (LA)',85,191,49.05,'Appartement',2),
(366,118000,17,NULL,'IMP',724,'ALEXANDRE DUMAS',85000,'ROCHE SUR YON (LA)',85,191,67.57,'Maison',3),
(367,147000,34,NULL,'IMP',724,'ALEXANDRE DUMAS',85000,'ROCHE SUR YON (LA)',85,191,81.84,'Maison',4),
(368,53000,40,NULL,'BD',120,'ARAGO',85000,'ROCHE SUR YON (LA)',85,191,22.8,'Appartement',1),
(373,72000,23,NULL,'QUAI',62,'ALBERT PROUTEAU',85100,'SABLES-D''OLONNE (LES)',85,194,19.57,'Appartement',1),
(374,73500,58,NULL,'BD',140,'AMPERE - LES SABLES',85100,'SABLES-D''OLONNE (LES)',85,194,19.52,'Appartement',1),
(428,323500,17,NULL,'RUE',30,'ACHARD',85800,'SAINT-GILLES-CROIX-DE-VIE',85,222,113.24,'Appartement',6),
(50,81105,18,NULL,'RUE',1137,'ANTOINE DE SAINT EXUPERY',86240,'FONTAINE-LE-COMTE',86,100,23.1,'Appartement',1),
(840,65800,14,NULL,'RUE',2,'ALBERT CAMUS',87270,'COUZEIX',87,50,46.05,'Appartement',2),
(1074,53500,4,NULL,'RUE',25,'ADRIEN DUBOUCHE',87000,'LIMOGES',87,85,26.38,'Appartement',1),
(1075,30800,122,NULL,'RUE',280,'ARMAND DUTREIX',87000,'LIMOGES',87,85,21.39,'Appartement',1),
(1076,113500,5,NULL,'ALL',292,'ATHALIE',87280,'LIMOGES',87,85,82.2,'Maison',4),
(271,88350,1,NULL,'RUE',94,'ANDRE JACQUEMIN',88000,'EPINAL',88,160,64.66,'Appartement',3),
(272,32000,14,NULL,'RUE',110,'ANTOINE HURAULT',88000,'EPINAL',88,160,65.43,'Appartement',2),
(398,43000,14,NULL,'RUE',27,'ALEXANDRE DUMAS',88190,'GOLBEY',88,209,43.19,'Appartement',2),
(556,103000,100,NULL,'AV',10,'ARISTIDE BRIAND',89100,'PARON',89,287,81.8,'Appartement',5),
(712,36000,2,NULL,'BD',290,'ARISTIDE BRIAND',89100,'SENS',89,387,52.3,'Appartement',2),
(601,53070,903,NULL,'AV',10,'ADOLPHE AUTHIE',9110,'AX-LES-THERMES',9,32,21.82,'Appartement',1),
(44,139000,21,NULL,'RUE',130,'ALBERT THOMAS',90000,'BELFORT',90,10,74.48,'Appartement',3),
(54,149000,4,NULL,'RUE',25,'ALBERT CAMUS',91220,'BRETIGNY SUR ORGE',91,103,38.85,'Appartement',2),
(55,171000,20,NULL,'CITE',90,'ANATOLE FRANCE',91220,'BRETIGNY SUR ORGE',91,103,71.03,'Appartement',4),
(56,140500,10,NULL,'RUE',100,'ANATOLE FRANCE',91220,'BRETIGNY SUR ORGE',91,103,40.29,'Appartement',2),
(57,210000,10,NULL,'RUE',100,'ANATOLE FRANCE',91220,'BRETIGNY SUR ORGE',91,103,66.62,'Appartement',3),
(192,135000,8,NULL,'AV',60,'ARISTIDE BRIAND',91440,'BURES SUR YVETTE',91,122,27,'Appartement',1),
(369,222000,38,NULL,'RUE',50,'ALBERT THOMAS',91560,'CROSNE',91,191,88.38,'Appartement',4),
(370,224000,38,NULL,'RUE',50,'ALBERT THOMAS',91560,'CROSNE',91,191,96.32,'Appartement',4),
(396,198473.28,2,NULL,'RUE',115,'ANTOINETTE BERVAS',91410,'DOURDAN',91,200,66.96,'Appartement',3),
(402,230000,18,NULL,'BD',20,'ABEL CORNATON',91290,'ARPAJON',91,21,61.57,'Appartement',3),
(403,122000,48,NULL,'AV',110,'ARISTIDE BRIAND',91290,'ARPAJON',91,21,47.21,'Appartement',2),
(432,123400,11,NULL,'SQ',35,'ALBERT EINSTEIN',91000,'EVRY-COURCOURONNES',91,228,66.25,'Appartement',3),
(433,139100,38,NULL,'RUE',50,'ALPHONSE DAUDET',91000,'EVRY-COURCOURONNES',91,228,64.89,'Appartement',3),
(434,109990,1,NULL,'RUE',2110,'ALPHONSE LAVERAN',91000,'EVRY-COURCOURONNES',91,228,54.36,'Appartement',2),
(435,103000,3,NULL,'RUE',72,'ANDRE LALANDE',91000,'EVRY-COURCOURONNES',91,228,27.6,'Appartement',1),
(436,82000,4,NULL,'SQ',2130,'ARTHUR RIMBAUD',91000,'EVRY-COURCOURONNES',91,228,46,'Appartement',2),
(616,214236,32,NULL,'RUE',100,'ALEXANDRE DUMAS',91260,'JUVISY SUR ORGE',91,326,60.3,'Appartement',3),
(617,179000,13,NULL,'PL',190,'ANATOLE FRANCE',91260,'JUVISY SUR ORGE',91,326,61.86,'Appartement',4),
(640,197350,29,NULL,'RUE',60,'ADOLPHE ADAM',91160,'LONGJUMEAU',91,345,88,'Appartement',4),
(669,161000,82,NULL,'RUE',20,'ALFRED DUBOIS',91460,'MARCOUSSIS',91,363,62.92,'Appartement',3),
(682,161000,2,NULL,'ALL',70,'ALBERT THOMAS',91300,'MASSY',91,377,56.55,'Appartement',2),
(683,182000,20,NULL,'ALL',70,'ALBERT THOMAS',91300,'MASSY',91,377,57.61,'Appartement',2),
(684,129000,28,NULL,'ALL',70,'ALBERT THOMAS',91300,'MASSY',91,377,52.95,'Appartement',2),
(685,219000,2,NULL,'RUE',145,'AMERIGO VESPUCCI',91300,'MASSY',91,377,41.65,'Appartement',2),
(686,333000,4,NULL,'RUE',145,'AMERIGO VESPUCCI',91300,'MASSY',91,377,63.75,'Appartement',3),
(687,310000,5,NULL,'RUE',145,'AMERIGO VESPUCCI',91300,'MASSY',91,377,58.68,'Appartement',3),
(688,320532,8,NULL,'RUE',160,'AMPERE',91300,'MASSY',91,377,65.36,'Appartement',3),
(755,126732,63,NULL,'AV',90,'ARISTIDE BRIAND',91420,'MORANGIS',91,432,27.71,'Appartement',2),
(756,195000,2,NULL,'RUE',56,'ANDRE MALRAUX',91390,'MORSANG-SUR-ORGE',91,434,62.43,'Appartement',3),
(788,254320,20,NULL,'RUE',40,'AMPERE',91610,'BALLANCOURT-SUR-ESSONNE',91,45,89,'Maison',4),
(802,155000,24,NULL,'RUE',140,'ARCHANGE',91400,'ORSAY',91,471,34.54,'Appartement',1),
(803,235000,76,NULL,'RUE',160,'ARISTIDE BRIAND',91400,'ORSAY',91,471,56.34,'Appartement',3),
(804,250000,76,NULL,'RUE',160,'ARISTIDE BRIAND',91400,'ORSAY',91,471,66.88,'Appartement',3),
(805,261000,76,NULL,'RUE',160,'ARISTIDE BRIAND',91400,'ORSAY',91,471,78.77,'Appartement',5),
(806,281000,76,NULL,'RUE',160,'ARISTIDE BRIAND',91400,'ORSAY',91,471,88.94,'Appartement',5),
(808,233000,42,'B','RUE',200,'ANATOLE FRANCE',91120,'PALAISEAU',91,477,37.06,'Appartement',2),
(809,185000,5,NULL,'RUE',110,'ANDRE BERNARDEAU',91550,'PARAY-VIEILLE-POSTE',91,479,44.5,'Appartement',2),
(875,184000,39,'B','RUE',30,'ARTHUR RIMBAUD',91400,'SACLAY',91,534,38.19,'Appartement',2),
(882,294000,14,'B','RUE',150,'ANTOINE ROCCA',91700,'SAINTE-GENEVIEVE-DES-BOIS',91,549,70.09,'Maison',4),
(899,126000,17,NULL,'RUE',100,'ALBERT PEUVRIER',91240,'SAINT-MICHEL-SUR-ORGE',91,570,32.23,'Appartement',2),
(916,210690,87,NULL,'BD',320,'ARISTIDE BRIAND',91600,'SAVIGNY-SUR-ORGE',91,589,62.01,'Appartement',3),
(917,620000,114,NULL,'BD',320,'ARISTIDE BRIAND',91600,'SAVIGNY-SUR-ORGE',91,589,71,'Maison',4),
(918,77500,116,NULL,'BD',320,'ARISTIDE BRIAND',91600,'SAVIGNY-SUR-ORGE',91,589,24.59,'Appartement',1),
(919,229000,117,NULL,'BD',320,'ARISTIDE BRIAND',91600,'SAVIGNY-SUR-ORGE',91,589,75.21,'Appartement',4),
(920,65000,124,NULL,'BD',320,'ARISTIDE BRIAND',91600,'SAVIGNY-SUR-ORGE',91,589,17.56,'Appartement',1),
(921,80500,124,NULL,'BD',320,'ARISTIDE BRIAND',91600,'SAVIGNY-SUR-ORGE',91,589,20.46,'Appartement',1),
(967,503245,18,NULL,'RUE',100,'ANTONY',91370,'VERRIERES LE BUISSON',91,645,120.25,'Appartement',4),
(979,120000,3,'B','RUE',15,'ALBERT SCHWEITZER',91140,'VILLEBON SUR YVETTE',91,661,29.15,'Appartement',2),
(1014,315450,5,NULL,'ALL',107,'ANDRE MALRAUX',91330,'YERRES',91,691,89.98,'Maison',5),
(172,950000,48,NULL,'QUAI',75,'ALPHONSE LE GALLO',92100,'BOULOGNE-BILLANCOURT',92,12,129.34,'Appartement',6),
(173,275200,52,NULL,'QUAI',75,'ALPHONSE LE GALLO',92100,'BOULOGNE-BILLANCOURT',92,12,30.87,'Appartement',2),
(174,229500,64,NULL,'AV',123,'ANDRE MORIZET',92100,'BOULOGNE-BILLANCOURT',92,12,24.37,'Appartement',1),
(175,606820,867,NULL,'CRS',138,'AQUITAINE',92100,'BOULOGNE-BILLANCOURT',92,12,96.33,'Appartement',4),
(176,560000,881,NULL,'CRS',138,'AQUITAINE',92100,'BOULOGNE-BILLANCOURT',92,12,97.65,'Appartement',4),
(233,245000,7,'B','RUE',20,'ANDRE THEURIET',92340,'BOURG-LA-REINE',92,14,45.62,'Appartement',2),
(234,400000,15,NULL,'RUE',20,'ANDRE THEURIET',92340,'BOURG-LA-REINE',92,14,69.02,'Appartement',3),
(235,757050,3,NULL,'AV',35,'ARISTIDE BRIAND',92340,'BOURG-LA-REINE',92,14,122.04,'Maison',4),
(355,985000,89,NULL,'RUE',40,'ANATOLE FRANCE',92290,'CHATENAY-MALABRY',92,19,156.11,'Maison',7),
(356,550326.5,106,NULL,'RUE',40,'ANATOLE FRANCE',92290,'CHATENAY-MALABRY',92,19,85.65,'Appartement',4),
(389,211500,300,NULL,'RUE',20,'ADOLPHE PAJEAUD',92160,'ANTONY',92,2,43.74,'Appartement',2),
(390,190000,36,NULL,'RUE',27,'ALBERT CAMUS',92160,'ANTONY',92,2,51.33,'Appartement',3),
(391,220000,36,NULL,'RUE',27,'ALBERT CAMUS',92160,'ANTONY',92,2,51.3,'Appartement',3),
(392,129320,110,NULL,'AV',112,'ARMAND GUILLEBAUD',92160,'ANTONY',92,2,16.37,'Appartement',1),
(393,223000,110,NULL,'AV',112,'ARMAND GUILLEBAUD',92160,'ANTONY',92,2,48.96,'Appartement',2),
(395,570000,5,NULL,'RUE',70,'ANATOLE FRANCE',92320,'CHATILLON',92,20,90.34,'Appartement',4),
(439,180000,66,NULL,'AV',20,'ADOLPHE SCHNEIDER',92140,'CLAMART',92,23,30.13,'Appartement',2),
(440,256000,8,NULL,'RUE',27,'ALBERT NEVEU',92140,'CLAMART',92,23,65.73,'Appartement',4),
(457,247000,2,NULL,'AV',50,'ANATOLE FRANCE',92110,'CLICHY',92,24,35.95,'Appartement',2),
(458,264000,7,NULL,'AV',50,'ANATOLE FRANCE',92110,'CLICHY',92,24,42.37,'Appartement',1),
(459,292100,8,NULL,'AV',50,'ANATOLE FRANCE',92110,'CLICHY',92,24,43.78,'Appartement',2),
(460,335000,10,NULL,'AV',50,'ANATOLE FRANCE',92110,'CLICHY',92,24,44.5,'Appartement',2),
(461,596400,12,NULL,'AV',50,'ANATOLE FRANCE',92110,'CLICHY',92,24,71.59,'Appartement',1),
(462,213000,13,NULL,'AV',50,'ANATOLE FRANCE',92110,'CLICHY',92,24,29.23,'Appartement',1),
(470,372000,42,'B','RUE',46,'ALEXIS BOUVIER',92700,'COLOMBES',92,25,72.8,'Maison',4),
(471,235000,17,NULL,'RUE',65,'AMBROISE PARE',92700,'COLOMBES',92,25,64.31,'Appartement',3),
(484,398000,17,NULL,'RUE',15,'ADAM LEDOUX',92400,'COURBEVOIE',92,26,55.92,'Appartement',3),
(485,121030,2,NULL,'RUE',46,'ALICE',92400,'COURBEVOIE',92,26,42.1,'Appartement',2),
(486,197000,4,NULL,'RUE',46,'ALICE',92400,'COURBEVOIE',92,26,28.51,'Appartement',1),
(487,248000,9,NULL,'RUE',78,'ARMAND SILVESTRE',92400,'COURBEVOIE',92,26,34.37,'Appartement',2),
(488,139100,35,NULL,'RUE',78,'ARMAND SILVESTRE',92400,'COURBEVOIE',92,26,16.11,'Appartement',1),
(489,156500,183,NULL,'RUE',78,'ARMAND SILVESTRE',92400,'COURBEVOIE',92,26,41.03,'Appartement',2),
(625,938100,18,NULL,'ALL',850,'ALLEE WILLIAM BUTTERFIELD',92380,'GARCHES',92,33,109.74,'Appartement',4),
(660,143000,8,NULL,'RUE',60,'ANTONIN',92230,'GENNEVILLIERS',92,36,21.47,'Appartement',2),
(733,216150,2,NULL,'RUE',40,'ALBERT DE MUN',92600,'ASNIERES-SUR-SEINE',92,4,33.55,'Appartement',2),
(734,120000,17,NULL,'RUE',70,'ARISTIDE BRIAND',92130,'ISSY-LES-MOULINEAUX',92,40,21.64,'Appartement',1),
(757,506200,53,NULL,'RUE',61,'ANATOLE FRANCE',92300,'LEVALLOIS-PERRET',92,44,50.88,'Appartement',3),
(758,270000,109,NULL,'RUE',61,'ANATOLE FRANCE',92300,'LEVALLOIS-PERRET',92,44,33.91,'Appartement',1),
(759,314000,109,NULL,'RUE',61,'ANATOLE FRANCE',92300,'LEVALLOIS-PERRET',92,44,34.7,'Appartement',1),
(760,617000,120,NULL,'RUE',61,'ANATOLE FRANCE',92300,'LEVALLOIS-PERRET',92,44,75.46,'Appartement',4),
(761,735000,122,NULL,'RUE',61,'ANATOLE FRANCE',92300,'LEVALLOIS-PERRET',92,44,74.19,'Appartement',4),
(762,956000,131,NULL,'RUE',61,'ANATOLE FRANCE',92300,'LEVALLOIS-PERRET',92,44,99.5,'Appartement',4),
(763,1080000,21,NULL,'AV',63,'ANDRE MALRAUX',92300,'LEVALLOIS-PERRET',92,44,105.89,'Appartement',5),
(764,750500,23,NULL,'AV',63,'ANDRE MALRAUX',92300,'LEVALLOIS-PERRET',92,44,73.31,'Appartement',3),
(765,510000,29,NULL,'AV',63,'ANDRE MALRAUX',92300,'LEVALLOIS-PERRET',92,44,46.67,'Appartement',2),
(766,415000,1,NULL,'SQ',64,'ANDRE MALRAUX',92300,'LEVALLOIS-PERRET',92,44,36.17,'Appartement',2),
(767,520000,12,NULL,'RUE',65,'ANTONIN RAYNAUD',92300,'LEVALLOIS-PERRET',92,44,41.15,'Appartement',2),
(768,120000,1,NULL,'RUE',80,'ARISTIDE BRIAND',92300,'LEVALLOIS-PERRET',92,44,17.86,'Appartement',1),
(769,367000,12,NULL,'RUE',80,'ARISTIDE BRIAND',92300,'LEVALLOIS-PERRET',92,44,39.92,'Appartement',2),
(770,490980,12,NULL,'RUE',80,'ARISTIDE BRIAND',92300,'LEVALLOIS-PERRET',92,44,52.51,'Appartement',2),
(771,409200,35,NULL,'RUE',80,'ARISTIDE BRIAND',92300,'LEVALLOIS-PERRET',92,44,61.1,'Appartement',2),
(772,907500,58,NULL,'RUE',80,'ARISTIDE BRIAND',92300,'LEVALLOIS-PERRET',92,44,85.8,'Appartement',3),
(773,941580,58,NULL,'RUE',80,'ARISTIDE BRIAND',92300,'LEVALLOIS-PERRET',92,44,76.8,'Appartement',4),
(774,498000,98,NULL,'RUE',80,'ARISTIDE BRIAND',92300,'LEVALLOIS-PERRET',92,44,54.16,'Appartement',2),
(775,303000,101,NULL,'RUE',80,'ARISTIDE BRIAND',92300,'LEVALLOIS-PERRET',92,44,36.82,'Appartement',2),
(776,645000,136,NULL,'RUE',80,'ARISTIDE BRIAND',92300,'LEVALLOIS-PERRET',92,44,66.05,'Appartement',3),
(777,555000,139,NULL,'RUE',80,'ARISTIDE BRIAND',92300,'LEVALLOIS-PERRET',92,44,75.02,'Appartement',3),
(778,715450.2,4,NULL,'RUE',95,'ASPIRANT DARGENT',92300,'LEVALLOIS-PERRET',92,44,70.3,'Appartement',4),
(794,598500,6,NULL,'PAS',70,'ARCOLE',92240,'MALAKOFF',92,46,63.41,'Maison',3),
(824,255000,90,NULL,'AV',45,'ARISTIDE BRIAND',92120,'MONTROUGE',92,49,32.81,'Appartement',1),
(825,290000,106,NULL,'AV',45,'ARISTIDE BRIAND',92120,'MONTROUGE',92,49,44.49,'Appartement',2),
(826,339000,1,NULL,'RUE',70,'ARTHUR AUGER',92120,'MONTROUGE',92,49,49.03,'Appartement',2),
(827,310000,1,NULL,'RUE',85,'AUBER',92120,'MONTROUGE',92,49,54.52,'Appartement',3),
(841,115500,21,NULL,'AV',40,'ALEXANDRE',92000,'NANTERRE',92,50,20.8,'Appartement',1),
(842,1014492.75,11,NULL,'RUE',45,'ALEXANDRE DUMAS',92000,'NANTERRE',92,50,217.93,'Appartement',3),
(843,444655,42,NULL,'RUE',70,'ANDRE DOUCET',92000,'NANTERRE',92,50,87,'Appartement',4),
(844,306795,3,NULL,'RUE',75,'ANDRE SABATIER',92000,'NANTERRE',92,50,51.42,'Appartement',2),
(849,2839300,102,NULL,'AV',15,'ACHILLE PERETTI',92200,'NEUILLY-SUR-SEINE',92,51,271.85,'Appartement',8),
(850,2325000,106,NULL,'AV',15,'ACHILLE PERETTI',92200,'NEUILLY-SUR-SEINE',92,51,194.9,'Appartement',6),
(851,1493574,110,NULL,'AV',15,'ACHILLE PERETTI',92200,'NEUILLY-SUR-SEINE',92,51,107.6,'Appartement',3),
(852,495110.62,137,NULL,'AV',15,'ACHILLE PERETTI',92200,'NEUILLY-SUR-SEINE',92,51,50.07,'Appartement',2),
(853,795000,191,NULL,'AV',15,'ACHILLE PERETTI',92200,'NEUILLY-SUR-SEINE',92,51,65.56,'Appartement',3),
(854,50000,195,NULL,'AV',15,'ACHILLE PERETTI',92200,'NEUILLY-SUR-SEINE',92,51,8.84,'Appartement',4),
(937,120000,2,NULL,'RUE',56,'ANATOLE FRANCE',92800,'PUTEAUX',92,62,29.66,'Appartement',2),
(938,170500,5,NULL,'RUE',75,'ARAGO',92800,'PUTEAUX',92,62,42.4,'Appartement',3),
(939,220100,5,NULL,'RUE',75,'ARAGO',92800,'PUTEAUX',92,62,47.9,'Appartement',3),
(940,139600,9,NULL,'RUE',75,'ARAGO',92800,'PUTEAUX',92,62,30.1,'Appartement',2),
(957,260000,88,NULL,'AV',20,'ALBERT 1ER',92500,'RUEIL-MALMAISON',92,63,41.35,'Appartement',2),
(958,198400,92,NULL,'AV',20,'ALBERT 1ER',92500,'RUEIL-MALMAISON',92,63,30.07,'Appartement',1),
(959,202000,4,NULL,'RUE',120,'ANDRE MESSAGER',92500,'RUEIL-MALMAISON',92,63,52.61,'Appartement',3),
(962,384000,45,'T','AV',40,'ALFRED BELMONTET',92210,'SAINT-CLOUD',92,64,63.09,'Appartement',3),
(963,262080,10,NULL,'ALL',1351,'ALLEE DE LA TREILLE',92210,'SAINT-CLOUD',92,64,57.95,'Maison',2),
(1023,205000,47,NULL,'AV',17,'ALBERT PETIT',92220,'BAGNEUX',92,7,47.04,'Appartement',2),
(1024,232305,22,NULL,'RUE',30,'ALPHONSE PLUCHET',92220,'BAGNEUX',92,7,47.9,'Appartement',3),
(1025,236000,2,NULL,'ALL',37,'ANATOLE FRANCE',92220,'BAGNEUX',92,7,59.97,'Appartement',3),
(1026,212000,4,NULL,'ALL',37,'ANATOLE FRANCE',92220,'BAGNEUX',92,7,48.31,'Appartement',2),
(1034,280000,5,NULL,'RUE',80,'ANNE AMIEUX',92310,'SEVRES',92,72,41.39,'Appartement',2),
(1047,975000,22,NULL,'RUE',65,'ARISTIDE BRIAND',92170,'VANVES',92,75,135.19,'Appartement',3),
(42,248000,1,NULL,'RUE',21,'ALAIN RAILLARD',93300,'AUBERVILLIERS',93,1,47.3,'Appartement',2),
(45,245000,16,NULL,'RUE',23,'ALEXANDRA DAVID NEEL',93140,'BONDY',93,10,77.11,'Appartement',4),
(46,235000,40,NULL,'ALL',30,'ALICE',93140,'BONDY',93,10,62.78,'Maison',3),
(47,117700,3,NULL,'RUE',67,'ARTHUR RIMBAUD',93140,'BONDY',93,10,46.32,'Appartement',2),
(48,142100,4,NULL,'RUE',67,'ARTHUR RIMBAUD',93140,'BONDY',93,10,70.56,'Appartement',3),
(208,164500,21,NULL,'RUE',60,'ANIZAN CAVILLON',93350,'LE BOURGET',93,13,59.2,'Appartement',3),
(562,100000,78,NULL,'RUE',100,'ANATOLE FRANCE',93700,'DRANCY',93,29,29.1,'Appartement',1),
(563,200000,132,NULL,'RUE',100,'ANATOLE FRANCE',93700,'DRANCY',93,29,33.89,'Appartement',2),
(564,220000,132,NULL,'RUE',100,'ANATOLE FRANCE',93700,'DRANCY',93,29,43.02,'Appartement',1),
(602,170000,1,NULL,'RUE',85,'ANDRE GERARDIN',93220,'GAGNY',93,32,73.24,'Appartement',4),
(603,186520,9,NULL,'RUE',85,'ANDRE GERARDIN',93220,'GAGNY',93,32,58.85,'Appartement',3),
(604,177500,10,NULL,'RUE',85,'ANDRE GERARDIN',93220,'GAGNY',93,32,70.76,'Appartement',4),
(626,171000,65,NULL,'AV',40,'ARISTIDE BRIAND',93460,'GOURNAY SUR MARNE',93,33,23.23,'Appartement',1),
(795,219000,33,NULL,'RUE',85,'AMEDEE DUNOIS',93190,'LIVRY-GARGAN',93,46,82.41,'Appartement',3),
(796,168000,52,NULL,'AV',140,'ARISTIDE BRIAND',93190,'LIVRY-GARGAN',93,46,79.3,'Appartement',4),
(797,120500,63,NULL,'AV',140,'ARISTIDE BRIAND',93190,'LIVRY-GARGAN',93,46,44.06,'Appartement',2),
(810,179850,27,NULL,'RUE',25,'ALEXIS LEPERE',93100,'MONTREUIL',93,48,21.27,'Appartement',1),
(811,175000,39,NULL,'RUE',25,'ALEXIS LEPERE',93100,'MONTREUIL',93,48,23.4,'Appartement',1),
(812,172000,11,NULL,'BD',60,'ARISTIDE BRIAND',93100,'MONTREUIL',93,48,32.11,'Appartement',1),
(813,195440,28,NULL,'BD',60,'ARISTIDE BRIAND',93100,'MONTREUIL',93,48,43.12,'Appartement',3),
(814,211800,28,NULL,'BD',60,'ARISTIDE BRIAND',93100,'MONTREUIL',93,48,46.76,'Appartement',2),
(815,192000,183,NULL,'BD',60,'ARISTIDE BRIAND',93100,'MONTREUIL',93,48,54.61,'Appartement',3),
(816,251000,51,NULL,'RUE',70,'ARMAND CARREL',93100,'MONTREUIL',93,48,29.82,'Appartement',2),
(828,179000,8,NULL,'IMP',13,'ANTOINE WATTEAU',93360,'NEUILLY-PLAISANCE',93,49,62.38,'Appartement',3),
(837,309000,39,NULL,'AV',120,'ANATOLE FRANCE',93600,'AULNAY SOUS BOIS',93,5,84.79,'Appartement',4),
(838,83320,5,NULL,'RUE',200,'ARTHUR CHEVALIER',93600,'AULNAY SOUS BOIS',93,5,29.38,'Appartement',2),
(855,225000,2,NULL,'RUE',63,'ARTHUR RIMBAUD',93160,'NOISY-LE-GRAND',93,51,63.58,'Appartement',3),
(872,202000,121,NULL,'RUE',45,'ANATOLE FRANCE',93130,'NOISY-LE-SEC',93,53,44.52,'Appartement',3),
(873,284670,169,NULL,'RUE',45,'ANATOLE FRANCE',93130,'NOISY-LE-SEC',93,53,42.43,'Appartement',2),
(898,144000,119,NULL,'AV',65,'ARISTIDE BRIAND',93320,'LES PAVILLONS-SOUS-BOIS',93,57,66.41,'Appartement',3),
(922,160000,26,NULL,'RUE',45,'ALCIDE D ORBIGNY',93380,'PIERREFITTE-SUR-SEINE',93,59,55.44,'Appartement',3),
(927,342210,11,NULL,'RUE',60,'ANTOINE PANIER',93170,'BAGNOLET',93,6,43.9,'Appartement',2),
(964,210000,4,NULL,'ALL',72,'ARTHUR HONEGGER',93110,'ROSNY-SOUS-BOIS',93,64,66.94,'Appartement',4),
(978,369000,13,NULL,'VLA',41,'ANATOLE FRANCE',93200,'SAINT-DENIS',93,66,72.99,'Appartement',3),
(1027,157500,1,NULL,'RUE',20,'ALBERT DHALENNE',93400,'SAINT-OUEN-SUR-SEINE',93,70,26.26,'Appartement',1),
(1028,824400,73,NULL,'RUE',20,'ALBERT DHALENNE',93400,'SAINT-OUEN-SUR-SEINE',93,70,88.34,'Maison',4),
(1029,320000,1,NULL,'RUE',37,'ALPHONSE HELBRONNER',93400,'SAINT-OUEN-SUR-SEINE',93,70,42.16,'Appartement',2),
(1030,485000,21,NULL,'RUE',39,'AMBROISE CROIZAT',93400,'SAINT-OUEN-SUR-SEINE',93,70,84.55,'Appartement',3),
(1031,145000,11,NULL,'AV',38,'ANDRE TOUTAIN',93270,'SEVRAN',93,71,63.55,'Appartement',3),
(1037,129000,5,NULL,'AV',10,'ALBERT SARRAUT',93290,'TREMBLAY-EN-FRANCE',93,73,28.06,'Appartement',2),
(1038,154000,5,NULL,'ALL',65,'ANDRE MARIE AMPERE',93290,'TREMBLAY-EN-FRANCE',93,73,60.42,'Appartement',3),
(1040,80000,46,'B','RUE',20,'ALEXANDRE BOUCHER',93410,'VAUJOURS',93,74,24.55,'Appartement',1),
(1050,128500,77,NULL,'AV',60,'ANATOLE FRANCE',93250,'VILLEMOMBLE',93,77,30.47,'Appartement',2),
(267,169000,8,NULL,'RUE',50,'ANCIENS COMBATTANTS',94230,'CACHAN',94,16,25.29,'Appartement',1),
(268,227000,1,NULL,'AV',70,'ARISTIDE BRIAND',94230,'CACHAN',94,16,40.94,'Appartement',3),
(269,120000,35,NULL,'AV',70,'ARISTIDE BRIAND',94230,'CACHAN',94,16,29.73,'Appartement',2),
(283,115000,30,NULL,'RUE',42,'ALBERT THOMAS',94500,'CHAMPIGNY-SUR-MARNE',94,17,21.44,'Appartement',2),
(284,117700,30,NULL,'RUE',42,'ALBERT THOMAS',94500,'CHAMPIGNY-SUR-MARNE',94,17,25.41,'Appartement',2),
(285,750000,56,NULL,'RUE',42,'ALBERT THOMAS',94500,'CHAMPIGNY-SUR-MARNE',94,17,209.87,'Appartement',3),
(286,143000,12,NULL,'CITE',116,'ANDRE JOLY',94500,'CHAMPIGNY-SUR-MARNE',94,17,38.74,'Appartement',2),
(287,229000,103,'B','BD',140,'ARISTIDE BRIAND',94500,'CHAMPIGNY-SUR-MARNE',94,17,51.01,'Maison',3),
(300,527000,27,NULL,'AV',45,'ANATOLE FRANCE',94220,'CHARENTON-LE-PONT',94,18,70.24,'Appartement',3),
(301,339300,21,NULL,'RUE',82,'ARTHUR CROQUETTE',94220,'CHARENTON-LE-PONT',94,18,42.61,'Appartement',3),
(357,255000,17,NULL,'RUE',35,'ARISTIDE BRIAND',94430,'CHENNEVIERES SUR MARNE',94,19,71.71,'Appartement',3),
(358,220000,37,NULL,'RUE',35,'ARISTIDE BRIAND',94430,'CHENNEVIERES SUR MARNE',94,19,46,'Appartement',2),
(359,194000,110,NULL,'RUE',35,'ARISTIDE BRIAND',94430,'CHENNEVIERES SUR MARNE',94,19,59.11,'Appartement',3),
(404,850000,14,NULL,'RUE',20,'ALBERT THURET',94550,'CHEVILLY-LARUE',94,21,40.33,'Appartement',2),
(421,184900,15,NULL,'MAIL',23,'ALBERT JACQUARD',94600,'CHOISY-LE-ROI',94,22,39.91,'Appartement',2),
(422,163100,4,NULL,'RUE',31,'ALFRED LEBIDON',94600,'CHOISY-LE-ROI',94,22,39.07,'Appartement',2),
(423,146000,6,NULL,'AV',60,'ANATOLE FRANCE',94600,'CHOISY-LE-ROI',94,22,67.31,'Appartement',3),
(424,130000,8,NULL,'AV',60,'ANATOLE FRANCE',94600,'CHOISY-LE-ROI',94,22,48.16,'Appartement',2),
(425,216000,21,NULL,'AV',60,'ANATOLE FRANCE',94600,'CHOISY-LE-ROI',94,22,79.49,'Appartement',4),
(426,181000,29,NULL,'AV',60,'ANATOLE FRANCE',94600,'CHOISY-LE-ROI',94,22,45.07,'Appartement',3),
(535,146600,13,NULL,'RUE',20,'ALEXANDRE',94000,'CRETEIL',94,28,19.7,'Appartement',1),
(674,516750,1,NULL,'VLA',40,'AMELIE',94250,'GENTILLY',94,37,76,'Maison',3),
(689,310000,3,NULL,'ALL',52,'AMBROISE PARE',94240,'L''HAY-LES-ROSES',94,38,90.43,'Appartement',5),
(690,237000,3,NULL,'AV',60,'ARISTIDE BRIAND',94240,'L''HAY-LES-ROSES',94,38,55.82,'Appartement',3),
(691,262000,3,NULL,'AV',60,'ARISTIDE BRIAND',94240,'L''HAY-LES-ROSES',94,38,60.58,'Appartement',4),
(692,152000,65,NULL,'AV',60,'ARISTIDE BRIAND',94240,'L''HAY-LES-ROSES',94,38,29.58,'Appartement',1),
(738,796680,22,NULL,'RUE',50,'ANTOINE THOMAS',94200,'IVRY-SUR-SEINE',94,41,116.14,'Maison',4),
(753,375000,7,NULL,'RUE',40,'ANATOLE FRANCE',94270,'LE KREMLIN-BICETRE',94,43,69.12,'Appartement',2),
(754,465000,37,NULL,'RUE',40,'ANATOLE FRANCE',94270,'LE KREMLIN-BICETRE',94,43,67.94,'Appartement',4),
(779,199570,16,NULL,'RUE',26,'ALFRED DE MUSSET',94450,'LIMEIL-BREVANNES',94,44,67.53,'Appartement',3),
(780,158100,23,NULL,'RUE',41,'ANTOINE DE SAINT EXUPERY',94450,'LIMEIL-BREVANNES',94,44,42.6,'Appartement',2),
(801,399000,2,NULL,'RLE',250,'A GUITARD',94520,'MANDRES-LES-ROSES',94,47,137.81,'Maison',6),
(862,218000,41,NULL,'RUE',25,'AMIRAL COURBET',94130,'NOGENT-SUR-MARNE',94,52,33.05,'Appartement',2),
(863,133000,4,NULL,'RUE',35,'ANDRE PONTIER',94130,'NOGENT-SUR-MARNE',94,52,27.86,'Appartement',1),
(864,331000,6,NULL,'RUE',50,'ANQUETIL',94130,'NOGENT-SUR-MARNE',94,52,50.08,'Appartement',2),
(865,508000,6,NULL,'RUE',50,'ANQUETIL',94130,'NOGENT-SUR-MARNE',94,52,70.4,'Appartement',3),
(910,495000,3,NULL,'RUE',20,'ALBERT LECOCQ',94170,'LE PERREUX-SUR-MARNE',94,58,77.34,'Appartement',3),
(923,259680,7,'T','AV',40,'ARDOUIN',94420,'LE PLESSIS-TREVISE',94,59,70.31,'Appartement',3),
(924,234000,33,NULL,'AV',40,'ARDOUIN',94420,'LE PLESSIS-TREVISE',94,59,70.05,'Appartement',4),
(925,165000,46,NULL,'AV',40,'ARDOUIN',94420,'LE PLESSIS-TREVISE',94,59,58.81,'Appartement',3),
(926,222500,14,NULL,'AV',50,'AUBRY',94420,'LE PLESSIS-TREVISE',94,59,64.67,'Appartement',3),
(981,440000,12,NULL,'RUE',35,'ALLARD',94160,'SAINT-MANDE',94,67,52.7,'Appartement',3),
(982,165000,16,NULL,'RUE',35,'ALLARD',94160,'SAINT-MANDE',94,67,14.68,'Appartement',1),
(983,336000,17,NULL,'RUE',35,'ALLARD',94160,'SAINT-MANDE',94,67,42.27,'Appartement',2),
(984,318000,24,NULL,'RUE',35,'ALLARD',94160,'SAINT-MANDE',94,67,32.05,'Appartement',2),
(985,530000,8,NULL,'AV',45,'ALPHAND',94160,'SAINT-MANDE',94,67,59.53,'Appartement',3),
(986,455520,9,NULL,'AV',45,'ALPHAND',94160,'SAINT-MANDE',94,67,48.83,'Appartement',2),
(987,350000,36,NULL,'AV',45,'ALPHAND',94160,'SAINT-MANDE',94,67,47.24,'Appartement',2),
(988,799670,51,NULL,'AV',45,'ALPHAND',94160,'SAINT-MANDE',94,67,95.05,'Appartement',3),
(990,247400,13,NULL,'RUE',55,'ALBERT DE MUN',94100,'SAINT-MAUR-DES-FOSSES',94,68,59.34,'Appartement',3),
(991,279000,13,NULL,'RUE',55,'ALBERT DE MUN',94100,'SAINT-MAUR-DES-FOSSES',94,68,58.03,'Appartement',3),
(992,480000,5,NULL,'AV',70,'ALEXIS PESSOT',94100,'SAINT-MAUR-DES-FOSSES',94,68,80.06,'Appartement',3),
(993,698250,7,NULL,'RUE',117,'ANDRE BOLLIER',94100,'SAINT-MAUR-DES-FOSSES',94,68,107.18,'Maison',5),
(994,298260,60,NULL,'AV',120,'ANDREE',94100,'SAINT-MAUR-DES-FOSSES',94,68,56.27,'Appartement',2),
(995,418000,18,NULL,'RUE',150,'ARISTIDE BRIAND',94100,'SAINT-MAUR-DES-FOSSES',94,68,82.51,'Appartement',4),
(996,535000,18,NULL,'RUE',150,'ARISTIDE BRIAND',94100,'SAINT-MAUR-DES-FOSSES',94,68,96.44,'Appartement',5),
(997,348490,1,NULL,'RUE',20,'ADAM',94210,'SAINT-MAUR-DES-FOSSES',94,68,65.8,'Appartement',3),
(998,365000,2,NULL,'RUE',20,'ADAM',94210,'SAINT-MAUR-DES-FOSSES',94,68,52.79,'Appartement',2),
(999,202500,16,'B','AV',60,'ALBERT 1ER',94210,'SAINT-MAUR-DES-FOSSES',94,68,41.64,'Appartement',3),
(1012,270000,17,NULL,'RUE',20,'ADRIEN DAMALIX',94410,'ST MAURICE',94,69,47.92,'Appartement',3),
(1013,260000,30,NULL,'RUE',20,'ADRIEN DAMALIX',94410,'ST MAURICE',94,69,30.93,'Appartement',2),
(1039,358500,20,NULL,'RUE',20,'ADRIEN TESSIER',94320,'THIAIS',94,73,95.39,'Appartement',4),
(1041,280000,17,NULL,'RUE',12,'ANATOLE FRANCE',94460,'VALENTON',94,74,73.11,'Maison',3),
(1051,189000,116,NULL,'AV',60,'ANATOLE FRANCE',94190,'VILLENEUVE-SAINT-GEORGES',94,78,65.16,'Appartement',3),
(1052,165550,5,NULL,'RUE',7,'ALBERT SCHWEITZER',94350,'VILLIERS-SUR-MARNE',94,79,41.15,'Appartement',2),
(1053,201000,11,NULL,'RUE',30,'ALEXIS QUIRIN',94350,'VILLIERS-SUR-MARNE',94,79,53.66,'Appartement',3),
(1054,207515,11,NULL,'RUE',30,'ALEXIS QUIRIN',94350,'VILLIERS-SUR-MARNE',94,79,54.05,'Appartement',3),
(1055,194000,27,NULL,'AV',52,'ANDRE ROUY',94350,'VILLIERS-SUR-MARNE',94,79,46.9,'Appartement',2),
(1056,118560,84,NULL,'AV',52,'ANDRE ROUY',94350,'VILLIERS-SUR-MARNE',94,79,76.03,'Appartement',4),
(1057,347250,1,NULL,'RUE',11,'ADOLPHE ALPHAND',94300,'VINCENNES',94,80,43.53,'Appartement',2),
(1058,610000,94,NULL,'AV',70,'AUBERT',94300,'VINCENNES',94,80,80.66,'Appartement',4),
(1059,155000,25,NULL,'RUE',14,'ALEGRE',94400,'VITRY-SUR-SEINE',94,81,31.4,'Appartement',2),
(1060,153000,22,NULL,'RUE',18,'ALFRED DE MUSSET',94400,'VITRY-SUR-SEINE',94,81,34.24,'Appartement',3),
(1061,144400,23,NULL,'RUE',22,'ALGESIRAS',94400,'VITRY-SUR-SEINE',94,81,32.35,'Appartement',3),
(1062,157290,28,NULL,'AV',35,'ANATOLE FRANCE',94400,'VITRY-SUR-SEINE',94,81,32.67,'Appartement',2),
(1063,130800,33,NULL,'RUE',52,'ANTOINE MARIE COLIN',94400,'VITRY-SUR-SEINE',94,81,21.07,'Appartement',1),
(302,89000,25,NULL,'RUE',100,'ALFRED LABRIERE',95100,'ARGENTEUIL',95,18,15.94,'Appartement',1),
(303,226000,69,NULL,'RUE',100,'ALFRED LABRIERE',95100,'ARGENTEUIL',95,18,71.45,'Appartement',3),
(304,96000,83,NULL,'RUE',250,'ANTONIN G BELIN',95100,'ARGENTEUIL',95,18,24.27,'Appartement',2),
(305,132000,6,NULL,'SQ',265,'AQUITAINE',95100,'ARGENTEUIL',95,18,67.54,'Appartement',3),
(360,339000,26,NULL,'RUE',75,'ANTOINE DEMUSOIS',95400,'ARNOUVILLE',95,19,120.55,'Maison',5),
(375,134000,7,NULL,'RUE',10,'ABEL FAUVEAU',95170,'DEUIL LA BARRE',95,197,51,'Appartement',2),
(385,179500,27,NULL,'RUE',10,'ALBERT MEUNIER',95330,'DOMONT',95,199,56.91,'Appartement',3),
(386,239000,60,NULL,'RUE',41,'ANDRE NOUET',95330,'DOMONT',95,199,60.13,'Appartement',3),
(387,168000,89,NULL,'RUE',50,'ARISTIDE BRIAND',95330,'DOMONT',95,199,58.49,'Appartement',3),
(397,134000,6,NULL,'RUE',20,'ARISTIDE BRIAND',95440,'ECOUEN',95,205,35.62,'Appartement',2),
(405,166000,12,NULL,'RUE',60,'ALPHONSE HAUSSAIRE',95880,'ENGHIEN LES BAINS',95,210,31.65,'Appartement',1),
(406,252000,16,NULL,'RUE',60,'ALPHONSE HAUSSAIRE',95880,'ENGHIEN LES BAINS',95,210,48.02,'Appartement',3),
(419,81000,1,NULL,'RUE',70,'ANATOLE FRANCE',95120,'ERMONT',95,219,16.88,'Appartement',1),
(420,250000,6,NULL,'RUE',70,'ANATOLE FRANCE',95120,'ERMONT',95,219,69.98,'Appartement',3),
(522,245500,9,NULL,'RUE',57,'ANDRE MESSAGER',95500,'GONESSE',95,277,100.86,'Maison',4),
(536,101000,42,NULL,'AV',20,'ALBERT SARRAULT',95190,'GOUSSAINVILLE',95,280,44.12,'Appartement',2),
(671,236000,1,NULL,'ALL',11,'ALFRED DE MUSSET',95580,'MARGENCY',95,369,79.13,'Appartement',4),
(672,353000,11,NULL,'RUE',16,'ALFRED SISLEY',95580,'MARGENCY',95,369,136.54,'Maison',5),
(747,155500,16,'B','RUE',50,'ARISTIDE BRIAND',95370,'MONTIGNY LES CORMEILLES',95,424,60,'Appartement',3),
(748,198300,16,'B','RUE',50,'ARISTIDE BRIAND',95370,'MONTIGNY LES CORMEILLES',95,424,60.41,'Appartement',4),
(749,142000,4,NULL,'AV',51,'ARISTIDE MAILLOL',95370,'MONTIGNY LES CORMEILLES',95,424,77.92,'Appartement',4),
(750,126980,6,NULL,'AV',51,'ARISTIDE MAILLOL',95370,'MONTIGNY LES CORMEILLES',95,424,50.58,'Appartement',2),
(751,191200,13,NULL,'AV',51,'ARISTIDE MAILLOL',95370,'MONTIGNY LES CORMEILLES',95,424,93.25,'Appartement',5),
(807,182000,26,'B','RUE',50,'ARISTIDE BRIAND',95520,'OSNY',95,476,47.2,'Appartement',3),
(832,197200,53,NULL,'RUE',10,'ALBERT ALLINE',95130,'PLESSIS-BOUCHARD (LE)',95,491,68.1,'Appartement',3),
(845,102006,26,NULL,'RUE',40,'ALEXANDRE PRACHAY',95300,'PONTOISE',95,500,20.75,'Appartement',1),
(846,104000,8,NULL,'PL',55,'ARISTIDE BRIAND',95300,'PONTOISE',95,500,69,'Appartement',3),
(866,92000,10,NULL,'RUE',20,'ALBERT 1ER',95260,'BEAUMONT-SUR-OISE',95,52,27.8,'Appartement',1),
(867,51000,9,NULL,'RUE',30,'ALPHONSE ET LOUIS ROUSSEL',95260,'BEAUMONT-SUR-OISE',95,52,18.78,'Appartement',1),
(868,75500,14,NULL,'RUE',30,'ALPHONSE ET LOUIS ROUSSEL',95260,'BEAUMONT-SUR-OISE',95,52,23.65,'Appartement',1),
(876,206000,2,NULL,'ALL',265,'ARTHUR RIMBAUD',95350,'SAINT-BRICE-SOUS-FORET',95,539,75.47,'Appartement',3),
(892,143000,9,NULL,'PL',20,'ALBERT CAMUS',95210,'ST GRATIEN',95,555,73.66,'Appartement',4),
(900,210000,7,NULL,'AV',22,'ADOLPHE CHAUVIN',95310,'ST OUEN L AUMONE',95,572,64.86,'Appartement',3),
(911,208000,5,NULL,'AV',14,'ACHILLE ARCHAMBAULT',95110,'SANNOIS',95,582,70.46,'Appartement',3),
(912,163000,14,NULL,'BD',40,'ALBERT CAMUS',95200,'SARCELLES',95,585,95.71,'Appartement',5),
(913,97000,17,NULL,'AV',1820,'ANNA DE NOAILLES',95200,'SARCELLES',95,585,64.01,'Appartement',3),
(928,187500,14,NULL,'RUE',28,'ANTOINE DE ST EXUPERY',95470,'SURVILLIERS',95,604,76.27,'Maison',3),
(960,221000,10,NULL,'RUE',120,'AMBROISE PARE',95870,'BEZONS',95,63,91.36,'Appartement',4),
(989,210500,8,NULL,'RUE',12,'ARISTIDE BRIAND',95840,'VILLIERS-ADAM',95,678,90.32,'Appartement',4),
(565,113900,82,NULL,'RUE',19,'AUBIN EDMOND',97233,'SCHOELCHER',972,29,34.18,'Appartement',2),
(270,223000,8,NULL,'RUE',371,'ALBERT LUTHULI',97410,'SAINT PIERRE',974,16,72.73,'Appartement',3);


-- Insertion des données dans la table indice_insee
INSERT INTO indice_insee (date, indice_prix_logement) VALUES
('2020-01-02',139),
('2020-01-03',139),
('2020-01-06',139),
('2020-01-07',139),
('2020-01-08',139),
('2020-01-09',139),
('2020-01-10',139),
('2020-01-11',139),
('2020-01-13',139),
('2020-01-14',139),
('2020-01-15',139),
('2020-01-16',139),
('2020-01-17',139),
('2020-01-18',139),
('2020-01-20',139),
('2020-01-21',139),
('2020-01-22',139),
('2020-01-23',139),
('2020-01-24',139),
('2020-01-25',139),
('2020-01-27',139),
('2020-01-28',139),
('2020-01-29',139),
('2020-01-30',139),
('2020-01-31',139),
('2020-02-01',139),
('2020-02-03',139),
('2020-02-04',139),
('2020-02-05',139),
('2020-02-06',139),
('2020-02-07',139),
('2020-02-08',139),
('2020-02-10',139),
('2020-02-11',139),
('2020-02-12',139),
('2020-02-13',139),
('2020-02-14',139),
('2020-02-15',139),
('2020-02-17',139),
('2020-02-18',139),
('2020-02-19',139),
('2020-02-20',139),
('2020-02-21',139),
('2020-02-24',139),
('2020-02-25',139),
('2020-02-26',139),
('2020-02-27',139),
('2020-02-28',139),
('2020-02-29',139),
('2020-03-02',139),
('2020-03-03',139),
('2020-03-04',139),
('2020-03-05',139),
('2020-03-06',139),
('2020-03-07',139),
('2020-03-09',139),
('2020-03-10',139),
('2020-03-11',139),
('2020-03-12',139),
('2020-03-13',139),
('2020-03-16',139),
('2020-03-17',139),
('2020-03-19',139),
('2020-03-20',139),
('2020-03-23',139),
('2020-03-24',139),
('2020-03-25',139),
('2020-03-26',139),
('2020-03-27',139),
('2020-03-30',139),
('2020-03-31',139),
('2020-04-01',145.2),
('2020-04-02',145.2),
('2020-04-03',145.2),
('2020-04-06',145.2),
('2020-04-07',145.2),
('2020-04-08',145.2),
('2020-04-09',145.2),
('2020-04-10',145.2),
('2020-04-14',145.2),
('2020-04-15',145.2),
('2020-04-16',145.2),
('2020-04-17',145.2),
('2020-04-20',145.2),
('2020-04-21',145.2),
('2020-04-22',145.2),
('2020-04-23',145.2),
('2020-04-24',145.2),
('2020-04-27',145.2),
('2020-04-28',145.2),
('2020-04-29',145.2),
('2020-04-30',145.2),
('2020-05-04',145.2),
('2020-05-05',145.2),
('2020-05-06',145.2),
('2020-05-07',145.2),
('2020-05-11',145.2),
('2020-05-12',145.2),
('2020-05-13',145.2),
('2020-05-14',145.2),
('2020-05-15',145.2),
('2020-05-16',145.2),
('2020-05-18',145.2),
('2020-05-19',145.2),
('2020-05-20',145.2),
('2020-05-22',145.2),
('2020-05-25',145.2),
('2020-05-26',145.2),
('2020-05-27',145.2),
('2020-05-28',145.2),
('2020-05-29',145.2),
('2020-06-01',145.2),
('2020-06-02',145.2),
('2020-06-03',145.2),
('2020-06-04',145.2),
('2020-06-05',145.2),
('2020-06-08',145.2),
('2020-06-09',145.2),
('2020-06-10',145.2),
('2020-06-11',145.2),
('2020-06-12',145.2),
('2020-06-13',145.2),
('2020-06-15',145.2),
('2020-06-16',145.2),
('2020-06-17',145.2),
('2020-06-18',145.2),
('2020-06-19',145.2),
('2020-06-20',145.2),
('2020-06-22',145.2),
('2020-06-23',145.2),
('2020-06-24',145.2),
('2020-06-25',145.2),
('2020-06-26',145.2),
('2020-06-29',145.2),
('2020-06-30',145.2);


-- Insertion des données dans la table nouvelles_donnees
INSERT INTO nouvelles_donnees (commune, surface, valeur_fonciere_actuelle, type, adresse) VALUES
('Toulouse', 22, 109000, 'maison', '9 avenue de la chocolatine'),
('Toulouse', 23, 76000, 'maison', '2 rue du pain au chocolat');


-- Insertion des données dans la table transactions
INSERT INTO transactions (date_vente, valeur_fonciere, bien_immobilier) VALUES
('2020-01-02', 44100.0, 409),
('2020-01-02',62010,706),
('2020-01-02',147483,253),
('2020-01-03',44550,349),
('2020-01-03',59733,265),
('2020-01-03',127890,48),
('2020-01-03',171000,280),
('2020-01-03',297900,864),
('2020-01-06',58500,717),
('2020-01-06',64980,526),
('2020-01-06',161550,385),
('2020-01-06',192600,592),
('2020-01-06',301500,460),
('2020-01-06',546138,175),
('2020-01-06',580500,776),
('2020-01-07',182250,999),
('2020-01-07',227700,595),
('2020-01-08',48150,1074),
('2020-01-08',72000,1040),
('2020-01-08',82800,901),
('2020-01-08',98991,434),
('2020-01-08',103950,841),
('2020-01-08',108837,742),
('2020-01-08',111060,432),
('2020-01-08',120600,397),
('2020-01-08',193500,67),
('2020-01-08',218700,1102),
('2020-01-08',222660,990),
('2020-01-08',246240,743),
('2020-01-08',264600,882),
('2020-01-08',334800,470),
('2020-01-09',124200,243),
('2020-01-09',136437.75,85),
('2020-01-09',144000,934),
('2020-01-09',148050,208),
('2020-01-09',243000,758),
('2020-01-10',41400,614),
('2020-01-10',47700,590),
('2020-01-10',48150,647),
('2020-01-10',54080.1,156),
('2020-01-10',63531,1019),
('2020-01-10',64800,373),
('2020-01-10',90900,379),
('2020-01-10',92700,556),
('2020-01-10',95760,573),
('2020-01-10',104580,739),
('2020-01-10',127035,412),
('2020-01-10',142672.5,1082),
('2020-01-10',172134,915),
('2020-01-10',176220,889),
('2020-01-10',250961.4,143),
('2020-01-10',256203,873),
('2020-01-10',273600,973),
('2020-01-10',495293.85,356),
('2020-01-11',100260,288),
('2020-01-11',129600,580),
('2020-01-13',72450,407),
('2020-01-13',90900,536),
('2020-01-13',104931,15),
('2020-01-13',175896,813),
('2020-01-13',315000,987),
('2020-01-13',510255,956),
('2020-01-13',1575675,66),
('2020-01-14',43043.4,309),
('2020-01-14',95400,306),
('2020-01-14',96300,529),
('2020-01-14',99000,241),
('2020-01-14',151650,908),
('2020-01-14',172080,751),
('2020-01-14',206550,174),
('2020-01-14',217800,261),
('2020-01-14',287100,577),
('2020-01-14',333000,18),
('2020-01-14',380700,131),
('2020-01-14',2070000,69),
('2020-01-15',74988,838),
('2020-01-15',110700,430),
('2020-01-15',128700,660),
('2020-01-15',129573,32),
('2020-01-15',135000,799),
('2020-01-15',139050,279),
('2020-01-15',140310,3),
('2020-01-15',156150,977),
('2020-01-15',215640,561),
('2020-01-15',252000,1034),
('2020-01-15',264411,1042),
('2020-01-16',42750,1015),
('2020-01-16',47700,579),
('2020-01-16',66600,560),
('2020-01-16',93600,497),
('2020-01-16',110466,1095),
('2020-01-16',132300,591),
('2020-01-16',200700,393),
('2020-01-16',209520,736),
('2020-01-16',220500,45),
('2020-01-16',305100,360),
('2020-01-16',418950,719),
('2020-01-17',63450,612),
('2020-01-17',84150,328),
('2020-01-17',121500,192),
('2020-01-17',138600,1038),
('2020-01-17',215100,386),
('2020-01-17',218700,681),
('2020-01-17',221769,201),
('2020-01-17',227610,907),
('2020-01-17',288478.8,688),
('2020-01-17',558000,917),
('2020-01-17',679500,117),
('2020-01-17',844290,625),
('2020-01-17',855000,172),
('2020-01-18',100800,232),
('2020-01-18',115200,418),
('2020-01-20',62100,559),
('2020-01-20',83700,553),
('2020-01-20',152100,256),
('2020-01-20',198450,238),
('2020-01-20',198450,498),
('2020-01-20',201600,370),
('2020-01-20',220950,522),
('2020-01-20',228888,788),
('2020-01-20',252000,1041),
('2020-01-20',289323.09,123),
('2020-01-20',429417,707),
('2020-01-20',477000,325),
('2020-01-20',712800,98),
('2020-01-21',27720,1075),
('2020-01-21',56700,1009),
('2020-01-21',65700,527),
('2020-01-21',67950,868),
('2020-01-21',90000,562),
('2020-01-21',105300,255),
('2020-01-21',115560,646),
('2020-01-21',177615,640),
('2020-01-21',228271.5,431),
('2020-01-21',251100,991),
('2020-01-21',517500,116),
('2020-01-22',80100,302),
('2020-01-22',82800,222),
('2020-01-22',103500,791),
('2020-01-22',104400,835),
('2020-01-22',153450,938),
('2020-01-22',171000,292),
('2020-01-23',44910,709),
('2020-01-23',129960,1061),
('2020-01-23',166500,533),
('2020-01-23',178625.952,396),
('2020-01-23',187200,911),
('2020-01-23',200250,926),
('2020-01-23',200700,270),
('2020-01-23',261720,17),
('2020-01-23',412785,121),
('2020-01-23',445599.558,852),
('2020-01-23',643905.18,778),
('2020-01-24',26100,1003),
('2020-01-24',55800,363),
('2020-01-24',98136,199),
('2020-01-24',106704,1056),
('2020-01-24',117000,599),
('2020-01-24',141750,1027),
('2020-01-24',170100,1051),
('2020-01-24',222975,1032),
('2020-01-24',225000,804),
('2020-01-24',283770,725),
('2020-01-24',343800,1065),
('2020-01-25',110700,606),
('2020-01-27',84015,29),
('2020-01-27',94050,821),
('2020-01-27',105140.7,313),
('2020-01-27',144000,205),
('2020-01-27',144000,922),
('2020-01-27',153000,264),
('2020-01-27',202500,936),
('2020-01-27',219150,455),
('2020-01-27',250650,138),
('2020-01-27',253368,130),
('2020-01-27',326745,378),
('2020-01-27',847422,773),
('2020-01-28',41220,308),
('2020-01-28',71100,583),
('2020-01-28',95400,362),
('2020-01-28',132750,1070),
('2020-01-28',181800,872),
('2020-01-28',187200,38),
('2020-01-28',247500,585),
('2020-01-28',322200,722),
('2020-01-28',322650,1039),
('2020-01-28',411300,678),
('2020-01-28',990000,290),
('2020-01-29',64350,1048),
('2020-01-29',96750,980),
('2020-01-29',114058.8,755),
('2020-01-29',115213.401,354),
('2020-01-29',117000,513),
('2020-01-29',137700,1060),
('2020-01-29',139950,747),
('2020-01-29',161865,810),
('2020-01-29',189000,964),
('2020-01-29',202500,885),
('2020-01-29',265991.4,888),
('2020-01-29',283905,1014),
('2020-01-29',419472,53),
('2020-01-29',629100,1093),
('2020-01-29',972000,763),
('2020-01-29',1485000,63),
('2020-01-30',34200,673),
('2020-01-30',34650,656),
('2020-01-30',65700,897),
('2020-01-30',73350,34),
('2020-01-30',76500,444),
('2020-01-30',82800,638),
('2020-01-30',119700,572),
('2020-01-30',125190,488),
('2020-01-30',128700,519),
('2020-01-30',142200,547),
('2020-01-30',144900,633),
('2020-01-30',189621,916),
('2020-01-30',194908.5,954),
('2020-01-30',209745,43),
('2020-01-30',211500,46),
('2020-01-30',215190,949),
('2020-01-30',345600,962),
('2020-01-30',481635,952),
('2020-01-31',58950,839),
('2020-01-31',63900,71),
('2020-01-31',67860,427),
('2020-01-31',87300,913),
('2020-01-31',96975,415),
('2020-01-31',105300,594),
('2020-01-31',127728,532),
('2020-01-31',178200,567),
('2020-01-31',196200,862),
('2020-01-31',204300,268),
('2020-01-31',208800,1043),
('2020-01-31',225900,816),
('2020-01-31',235872,963),
('2020-01-31',245880,1036),
('2020-01-31',286200,984),
('2020-01-31',287991,82),
('2020-01-31',425700,972),
('2020-02-01',317700,672),
('2020-02-03',56700,213),
('2020-02-03',60300,582),
('2020-02-03',122130,548),
('2020-02-03',210600,924),
('2020-02-03',214650,884),
('2020-02-03',233100,257),
('2020-02-03',262692,1072),
('2020-02-04',103500,467),
('2020-02-04',108900,1077),
('2020-02-04',178470,748),
('2020-02-04',222300,457),
('2020-02-04',305100,826),
('2020-02-04',452920.5,967),
('2020-02-05',37350,443),
('2020-02-05',62739,329),
('2020-02-05',78750,454),
('2020-02-05',83700,334),
('2020-02-05',99900,383),
('2020-02-05',102600,593),
('2020-02-05',203220,191),
('2020-02-05',247500,118),
('2020-02-05',269190,102),
('2020-02-05',290700,113),
('2020-02-05',310050,666),
('2020-02-05',346500,114),
('2020-02-06',37800,517),
('2020-02-06',61200,14),
('2020-02-06',74250,216),
('2020-02-06',125100,44),
('2020-02-06',131697,858),
('2020-02-06',449100,112),
('2020-02-06',504000,176),
('2020-02-07',78300,607),
('2020-02-07',103500,217),
('2020-02-07',117180,274),
('2020-02-07',121500,629),
('2020-02-07',122310,696),
('2020-02-07',136350,1091),
('2020-02-07',148500,982),
('2020-02-07',149850,831),
('2020-02-07',202500,411),
('2020-02-07',243000,1012),
('2020-02-07',245880,881),
('2020-02-08',40500,697),
('2020-02-08',94410,365),
('2020-02-10',60274.8,6),
('2020-02-10',78300,450),
('2020-02-10',82350,531),
('2020-02-10',113400,899),
('2020-02-10',121500,619),
('2020-02-10',158850,720),
('2020-02-10',162000,468),
('2020-02-11',45000,277),
('2020-02-11',69120,12),
('2020-02-11',101700,976),
('2020-02-11',116370,382),
('2020-02-11',136800,491),
('2020-02-12',58500,920),
('2020-02-12',101340,347),
('2020-02-12',102510,565),
('2020-02-12',109350,314),
('2020-02-12',116100,1037),
('2020-02-12',122922,9),
('2020-02-12',151200,968),
('2020-02-12',174600,359),
('2020-02-12',207000,295),
('2020-02-12',284850,167),
('2020-02-13',40500,275),
('2020-02-13',44550,94),
('2020-02-13',72000,610),
('2020-02-13',94698,1096),
('2020-02-13',120937.5,482),
('2020-02-13',144900,682),
('2020-02-13',166410,421),
('2020-02-13',169623,273),
('2020-02-13',173655,400),
('2020-02-13',233865,675),
('2020-02-13',238680,150),
('2020-02-13',247680,173),
('2020-02-13',522225,512),
('2020-02-14',50850,30),
('2020-02-14',85500,263),
('2020-02-14',164700,1066),
('2020-02-14',181800,959),
('2020-02-14',258543.9,1035),
('2020-02-14',262107,1086),
('2020-02-14',288477,466),
('2020-02-14',503100,700),
('2020-02-15',127800,749),
('2020-02-17',34200,492),
('2020-02-17',47250,65),
('2020-02-17',102384,161),
('2020-02-17',128700,597),
('2020-02-17',129600,898),
('2020-02-17',141300,456),
('2020-02-17',161100,828),
('2020-02-17',2403000,141),
('2020-02-18',38700,291),
('2020-02-18',57600,371),
('2020-02-18',106200,644),
('2020-02-18',147600,2),
('2020-02-18',271170,451),
('2020-02-18',575100,75),
('2020-02-19',63000,214),
('2020-02-19',70200,242),
('2020-02-19',74700,36),
('2020-02-19',121500,259),
('2020-02-19',159300,381),
('2020-02-19',162584.1,652),
('2020-02-19',172773.9,861),
('2020-02-19',190800,1026),
('2020-02-19',307989,927),
('2020-02-20',81000,530),
('2020-02-20',126900,1105),
('2020-02-20',152100,667),
('2020-02-20',168300,236),
('2020-02-20',176400,542),
('2020-02-20',189000,935),
('2020-02-20',250650,166),
('2020-02-21',83700,608),
('2020-02-21',104985,321),
('2020-02-21',119700,384),
('2020-02-21',133074,1007),
('2020-02-21',139212,942),
('2020-02-21',152910,1017),
('2020-02-21',171000,70),
('2020-02-21',172800,25),
('2020-02-21',211500,803),
('2020-02-24',71550,35),
('2020-02-24',95400,528),
('2020-02-24',144000,37),
('2020-02-24',157500,250),
('2020-02-24',171081,320),
('2020-02-24',177300,486),
('2020-02-24',333000,128),
('2020-02-24',454500,122),
('2020-02-25',77580,664),
('2020-02-25',104400,226),
('2020-02-25',106200,366),
('2020-02-25',111096,609),
('2020-02-25',119700,735),
('2020-02-25',119700,863),
('2020-02-25',143100,74),
('2020-02-25',172350,399),
('2020-02-25',191027.7,732),
('2020-02-25',205839,1067),
('2020-02-25',209610,598),
('2020-02-25',431370,151),
('2020-02-26',63900,364),
('2020-02-26',73800,436),
('2020-02-26',94500,27),
('2020-02-26',96750,31),
('2020-02-26',115425,442),
('2020-02-26',139050,511),
('2020-02-26',146700,679),
('2020-02-26',388777.5,170),
('2020-02-26',675000,285),
('2020-02-27',131400,423),
('2020-02-27',141300,475),
('2020-02-27',163314,930),
('2020-02-27',168750,928),
('2020-02-27',180000,563),
('2020-02-27',194535,733),
('2020-02-27',198000,564),
('2020-02-27',204120,741),
('2020-02-27',209074.5,1024),
('2020-02-27',220500,233),
('2020-02-27',250200,115),
('2020-02-27',472500,137),
('2020-02-28',29250,569),
('2020-02-28',62100,190),
('2020-02-28',79515,271),
('2020-02-28',107010,880),
('2020-02-28',134505,1089),
('2020-02-28',162000,515),
('2020-02-28',185310,335),
('2020-02-28',193500,904),
('2020-02-28',216000,568),
('2020-02-28',229500,1098),
('2020-02-28',234900,805),
('2020-02-28',247500,101),
('2020-02-28',279000,687),
('2020-02-29',51750,1069),
('2020-03-02',95860.8,20),
('2020-03-02',105930,47),
('2020-03-02',148995,1052),
('2020-03-02',173385,729),
('2020-03-03',108000,269),
('2020-03-03',171000,28),
('2020-03-03',212400,671),
('2020-03-03',252000,534),
('2020-03-03',513000,395),
('2020-03-03',783000,792),
('2020-03-04',57600,281),
('2020-03-04',101700,506),
('2020-03-04',136800,4),
('2020-03-04',144000,380),
('2020-03-04',144000,726),
('2020-03-04',179613,779),
('2020-03-04',230400,440),
('2020-03-04',455580,757),
('2020-03-04',819000,127),
('2020-03-05',66150,374),
('2020-03-05',101700,188),
('2020-03-05',107100,1107),
('2020-03-05',109050.3,711),
('2020-03-05',109800,337),
('2020-03-05',112995,79),
('2020-03-05',134100,510),
('2020-03-05',162900,426),
('2020-03-05',203400,303),
('2020-03-05',209700,808),
('2020-03-05',281088.27,830),
('2020-03-05',2168955,142),
('2020-03-06',104850,401),
('2020-03-06',131580,228),
('2020-03-06',145125,746),
('2020-03-06',150345,630),
('2020-03-06',153000,819),
('2020-03-06',158400,836),
('2020-03-06',180900,1053),
('2020-03-06',189450,989),
('2020-03-06',217530,953),
('2020-03-06',279000,689),
('2020-03-06',279000,827),
('2020-03-06',323100,665),
('2020-03-06',448200,774),
('2020-03-07',150210,1002),
('2020-03-09',85230,877),
('2020-03-09',93732.003,834),
('2020-03-09',109800,902),
('2020-03-09',113400,914),
('2020-03-09',177480,832),
('2020-03-09',191250,891),
('2020-03-09',196110,944),
('2020-03-09',199800,369),
('2020-03-09',354600,1068),
('2020-03-10',72000,965),
('2020-03-10',87300,278),
('2020-03-10',159889.5,943),
('2020-03-10',188100,19),
('2020-03-10',207000,26),
('2020-03-10',336780,508),
('2020-03-10',394200,179),
('2020-03-10',1800000,589),
('2020-03-10',2555370,849),
('2020-03-11',163773,621),
('2020-03-11',172800,815),
('2020-03-11',181350,310),
('2020-03-11',223200,487),
('2020-03-11',264600,544),
('2020-03-11',285599.7,111),
('2020-03-11',376200,995),
('2020-03-12',52200,974),
('2020-03-12',63000,740),
('2020-03-12',81497.7,231),
('2020-03-12',86400,304),
('2020-03-12',90000,237),
('2020-03-12',139500,802),
('2020-03-12',161100,617),
('2020-03-12',191700,462),
('2020-03-12',272700,775),
('2020-03-12',311292,180),
('2020-03-12',635400,107),
('2020-03-13',46800,584),
('2020-03-13',47700,86),
('2020-03-13',54000,781),
('2020-03-13',69750,918),
('2020-03-13',113850,81),
('2020-03-13',138060,319),
('2020-03-13',189000,57),
('2020-03-13',251460,134),
('2020-03-20',32400,712),
('2020-03-20',52650,657),
('2020-03-20',67959,92),
('2020-03-20',74700,496),
('2020-03-20',154800,408),
('2020-03-20',368721,120),
('2020-03-20',426807,970),
('2020-03-23',140850,489),
('2020-03-23',171000,390),
('2020-03-23',211500,471),
('2020-03-24',133650,883),
('2020-03-25',122850,929),
('2020-03-26',62100,618),
('2020-03-26',95400,223),
('2020-03-26',137700,499),
('2020-03-26',212400,1025),
('2020-03-26',312966,546),
('2020-03-27',59220,840),
('2020-03-27',84366,578),
('2020-03-27',130500,1031),
('2020-03-27',243000,932),
('2020-03-30',130500,829),
('2020-03-30',197100,685),
('2020-03-30',223200,42),
('2020-03-30',269100,49),
('2020-03-31',66600,247),
('2020-03-31',280530,820),
('2020-03-31',468000,600),
('2020-03-31',643950,169),
('2020-04-01',115650,1050),
('2020-04-02',53100,1016),
('2020-04-03',46350,896),
('2020-04-03',66600,262),
('2020-04-03',108000,734),
('2020-04-03',162000,463),
('2020-04-03',173250,501),
('2020-04-03',1107000,154),
('2020-04-06',143550,210),
('2020-04-07',69840,311),
('2020-04-08',135000,99),
('2020-04-09',63000,833),
('2020-04-09',74250,251),
('2020-04-09',290700,649),
('2020-04-09',2092500,850),
('2020-04-10',46800,350),
('2020-04-10',69300,298),
('2020-04-10',92250,240),
('2020-04-10',108000,768),
('2020-04-10',112410,297),
('2020-04-10',751500,139),
('2020-04-14',173700,947),
('2020-04-15',76500,211),
('2020-04-15',101700,352),
('2020-04-15',409716,1081),
('2020-04-16',69300,453),
('2020-04-16',91350,377),
('2020-04-16',108000,937),
('2020-04-17',91350,87),
('2020-04-17',134100,483),
('2020-04-17',159300,132),
('2020-04-17',197100,795),
('2020-04-20',78300,204),
('2020-04-20',90000,209),
('2020-04-20',92781,1064),
('2020-04-20',182250,332),
('2020-04-21',175500,11),
('2020-04-21',675000,76),
('2020-04-22',102847.5,438),
('2020-04-22',144000,472),
('2020-04-22',228600,545),
('2020-04-23',77436,895),
('2020-04-23',87300,848),
('2020-04-23',274500,951),
('2020-04-23',702900,178),
('2020-04-24',245812.5,945),
('2020-04-24',860400,762),
('2020-04-27',57105,903),
('2020-04-27',159750,604),
('2020-04-27',231300,702),
('2020-04-27',261000,289),
('2020-04-27',675000,694),
('2020-04-28',43200,596),
('2020-04-28',72994.5,50),
('2020-04-28',94564.8,89),
('2020-04-28',312525,1057),
('2020-04-29',43650,10),
('2020-04-29',69858,330),
('2020-04-29',100800,343),
('2020-04-29',176454,474),
('2020-04-29',188469,505),
('2020-04-29',717012,738),
('2020-04-30',23850,218),
('2020-04-30',58950,341),
('2020-04-30',67500,514),
('2020-04-30',67950,206),
('2020-04-30',78300,1101),
('2020-04-30',101340,571),
('2020-04-30',108000,500),
('2020-04-30',130770,1),
('2020-04-30',135000,219),
('2020-04-30',151200,796),
('2020-04-30',192812.4,616),
('2020-04-30',193167,655),
('2020-04-30',252900,806),
('2020-04-30',319500,58),
('2020-05-04',141300,342),
('2020-05-04',181323,388),
('2020-05-04',302400,983),
('2020-05-05',52200,479),
('2020-05-05',67500,72),
('2020-05-05',197100,61),
('2020-05-05',263250,1092),
('2020-05-06',135000,429),
('2020-05-06',162450,566),
('2020-05-06',222750,317),
('2020-05-07',51300,613),
('2020-05-07',56700,5),
('2020-05-07',85050,282),
('2020-05-07',85500,641),
('2020-05-07',117000,793),
('2020-05-07',145800,312),
('2020-05-07',169200,723),
('2020-05-07',242685,22),
('2020-05-11',63000,521),
('2020-05-11',104850,344),
('2020-05-12',44100,162),
('2020-05-12',64800,157),
('2020-05-12',99346.5,195),
('2020-05-12',135450,632),
('2020-05-12',146700,507),
('2020-05-12',146700,1073),
('2020-05-12',149400,405),
('2020-05-12',189000,900),
('2020-05-12',420300,969),
('2020-05-12',499500,777),
('2020-05-12',558000,52),
('2020-05-12',719703,988),
('2020-05-13',125640,940),
('2020-05-13',138600,551),
('2020-05-13',153252,893),
('2020-05-13',202527,322),
('2020-05-13',358200,484),
('2020-05-14',51300,710),
('2020-05-14',83700,158),
('2020-05-14',102150,1076),
('2020-05-14',142200,1071),
('2020-05-14',233712,923),
('2020-05-14',239400,1090),
('2020-05-14',265500,221),
('2020-05-14',474300,300),
('2020-05-15',36000,414),
('2020-05-15',38700,398),
('2020-05-15',47700,368),
('2020-05-15',58500,276),
('2020-05-15',65430,445),
('2020-05-15',85500,636),
('2020-05-15',90450,244),
('2020-05-15',94821.3,185),
('2020-05-15',109530,1088),
('2020-05-15',115256.7,878),
('2020-05-15',130500,661),
('2020-05-15',132300,367),
('2020-05-15',132750,950),
('2020-05-15',142200,518),
('2020-05-15',166500,315),
('2020-05-15',167967.9,155),
('2020-05-15',189000,1044),
('2020-05-15',194535,1100),
('2020-05-15',198900,960),
('2020-05-15',200425.5,668),
('2020-05-15',200700,200),
('2020-05-15',202365,33),
('2020-05-15',205380,948),
('2020-05-15',218700,906),
('2020-05-15',228330,541),
('2020-05-15',288000,1029),
('2020-05-15',361800,90),
('2020-05-15',410850,552),
('2020-05-15',532530,149),
('2020-05-15',536760,461),
('2020-05-15',576000,168),
('2020-05-15',1865250,701),
('2020-05-16',29700,212),
('2020-05-16',531000,1094),
('2020-05-20',63828.9,95),
('2020-05-20',74250,620),
('2020-05-20',83303.1,1078),
('2020-05-20',88200,549),
('2020-05-20',128700,892),
('2020-05-20',142290,780),
('2020-05-20',166950,93),
('2020-05-20',186763.5,1054),
('2020-05-20',211500,361),
('2020-05-20',217800,147),
('2020-05-20',276115.5,844),
('2020-05-20',285300,887),
('2020-05-20',299700,686),
('2020-05-20',315639,1085),
('2020-05-20',343800,823),
('2020-05-20',765000,404),
('2020-05-20',886500,355),
('2020-05-22',72450,921),
('2020-05-22',189900,465),
('2020-05-22',218835,504),
('2020-05-22',220590,703),
('2020-05-22',332100,978),
('2020-05-25',39600,480),
('2020-05-25',42300,39),
('2020-05-25',50400,695),
('2020-05-25',71100,260),
('2020-05-25',91800,197),
('2020-05-25',116100,727),
('2020-05-25',117954,248),
('2020-05-25',134460,557),
('2020-05-25',146700,1084),
('2020-05-25',221220,327),
('2020-05-25',235800,691),
('2020-05-25',247500,452),
('2020-05-25',400189.5,843),
('2020-05-25',549000,1058),
('2020-05-26',61650,316),
('2020-05-26',61920,476),
('2020-05-26',66690,416),
('2020-05-26',67950,653),
('2020-05-26',80149.5,789),
('2020-05-26',95400,550),
('2020-05-26',162000,439),
('2020-05-26',166500,809),
('2020-05-26',201150,715),
('2020-05-26',201600,348),
('2020-05-26',288900,109),
('2020-05-26',360000,234),
('2020-05-26',459000,765),
('2020-05-27',41400,623),
('2020-05-27',66600,351),
('2020-05-27',67500,230),
('2020-05-27',127800,933),
('2020-05-27',153900,307),
('2020-05-27',161100,713),
('2020-05-27',169956,752),
('2020-05-27',180000,659),
('2020-05-27',195750,509),
('2020-05-27',227700,80),
('2020-05-27',330300,769),
('2020-05-27',442080,677),
('2020-05-27',913043.475,842),
('2020-05-28',42300,353),
('2020-05-28',45720,318),
('2020-05-28',51300,718),
('2020-05-28',67500,975),
('2020-05-28',81000,449),
('2020-05-28',83700,417),
('2020-05-28',87300,627),
('2020-05-28',93150,446),
('2020-05-28',108450,797),
('2020-05-28',144900,669),
('2020-05-28',153000,785),
('2020-05-28',180000,245),
('2020-05-28',225000,420),
('2020-05-28',265500,961),
('2020-05-28',268434,994),
('2020-05-28',396000,981),
('2020-05-28',441882,770),
('2020-05-28',445500,910),
('2020-05-28',555300,760),
('2020-05-28',715500,853),
('2020-05-29',36900,340),
('2020-05-29',44100,663),
('2020-05-29',45000,478),
('2020-05-29',47763,601),
('2020-05-29',56700,96),
('2020-05-29',58050,229),
('2020-05-29',83250,227),
('2020-05-29',93600,846),
('2020-05-29',108000,570),
('2020-05-29',108000,588),
('2020-05-29',118800,305),
('2020-05-29',139500,181),
('2020-05-29',140400,336),
('2020-05-29',144000,642),
('2020-05-29',155700,730),
('2020-05-29',162000,502),
('2020-05-29',163800,683),
('2020-05-29',175500,189),
('2020-05-29',198000,699),
('2020-05-29',222300,1045),
('2020-05-29',253800,724),
('2020-05-29',261000,825),
('2020-05-29',279000,971),
('2020-05-29',295920,100),
('2020-05-29',477000,985),
('2020-05-29',1098000,140),
('2020-06-01',313641,997),
('2020-06-02',81900,622),
('2020-06-02',110657.7,643),
('2020-06-02',125100,437),
('2020-06-02',139500,745),
('2020-06-02',146700,912),
('2020-06-02',190800,324),
('2020-06-02',193500,503),
('2020-06-02',226800,676),
('2020-06-02',598500,152),
('2020-06-02',661500,761),
('2020-06-02',681345,235),
('2020-06-03',60300,539),
('2020-06-03',110700,894),
('2020-06-03',131940,800),
('2020-06-03',148500,925),
('2020-06-03',154800,812),
('2020-06-03',177300,786),
('2020-06-03',190350,389),
('2020-06-03',278100,837),
('2020-06-03',360000,64),
('2020-06-03',379800,194),
('2020-06-03',432000,992),
('2020-06-03',437706,16),
('2020-06-04',79200,144),
('2020-06-04',105930,284),
('2020-06-04',116388,392),
('2020-06-04',124200,203),
('2020-06-04',126450,56),
('2020-06-04',128700,286),
('2020-06-04',163800,493),
('2020-06-04',174600,554),
('2020-06-04',178560,958),
('2020-06-04',219600,790),
('2020-06-04',253350,148),
('2020-06-04',277200,635),
('2020-06-04',373680,164),
('2020-06-04',409968,986),
('2020-06-05',36000,523),
('2020-06-05',103500,283),
('2020-06-05',108000,979),
('2020-06-05',108927,485),
('2020-06-05',111600,490),
('2020-06-05',113877,576),
('2020-06-05',117675,494),
('2020-06-05',162000,252),
('2020-06-05',198000,859),
('2020-06-05',204750,73),
('2020-06-08',88200,631),
('2020-06-08',101610,477),
('2020-06-08',120600,375),
('2020-06-08',207000,68),
('2020-06-09',66600,215),
('2020-06-09',115650,202),
('2020-06-09',117000,1046),
('2020-06-09',125190,433),
('2020-06-09',127800,1000),
('2020-06-09',129600,1001),
('2020-06-09',234000,1013),
('2020-06-10',59400,258),
('2020-06-10',105300,704),
('2020-06-10',109800,403),
('2020-06-10',117000,905),
('2020-06-10',134100,54),
('2020-06-10',148500,51),
('2020-06-10',162450,413),
('2020-06-10',171000,184),
('2020-06-10',184500,1023),
('2020-06-10',206370,543),
('2020-06-10',306577.242,220),
('2020-06-10',328500,998),
('2020-06-10',585000,163),
('2020-06-11',45900,867),
('2020-06-11',48510,538),
('2020-06-11',49050,40),
('2020-06-11',55350,331),
('2020-06-11',79560,784),
('2020-06-11',80100,708),
('2020-06-11',101700,59),
('2020-06-11',139500,555),
('2020-06-11',538650,794),
('2020-06-12',58860,225),
('2020-06-12',67500,847),
('2020-06-12',76950,886),
('2020-06-12',81000,441),
('2020-06-12',114210,129),
('2020-06-12',116100,684),
('2020-06-12',122400,88),
('2020-06-12',131400,783),
('2020-06-12',131850,628),
('2020-06-12',151200,266),
('2020-06-12',153900,626),
('2020-06-12',163800,611),
('2020-06-12',165600,875),
('2020-06-12',167868,603),
('2020-06-12',182250,909),
('2020-06-12',207000,182),
('2020-06-12',207000,402),
('2020-06-12',305100,1083),
('2020-06-12',468000,634),
('2020-06-12',877500,1047),
('2020-06-13',43974,874),
('2020-06-13',56250,581),
('2020-06-13',125100,323),
('2020-06-15',104850,662),
('2020-06-15',119232,1079),
('2020-06-15',198000,391),
('2020-06-15',285705,1104),
('2020-06-15',382500,83),
('2020-06-15',457200,865),
('2020-06-15',472500,104),
('2020-06-15',589500,183),
('2020-06-16',45000,239),
('2020-06-16',55350,372),
('2020-06-16',65700,1080),
('2020-06-16',82800,866),
('2020-06-16',90000,196),
('2020-06-16',108000,171),
('2020-06-16',139500,224),
('2020-06-16',149400,680),
('2020-06-16',207000,469),
('2020-06-16',282600,759),
('2020-06-16',315000,698),
('2020-06-16',418500,754),
('2020-06-17',43200,651),
('2020-06-17',97264.8,160),
('2020-06-17',114282,750),
('2020-06-17',163350,879),
('2020-06-17',174600,1055),
('2020-06-17',281250,955),
('2020-06-18',42345,1049),
('2020-06-18',72900,419),
('2020-06-18',96525,198),
('2020-06-18',117000,294),
('2020-06-18',165330,860),
('2020-06-18',235800,558),
('2020-06-18',373500,766),
('2020-06-19',42300,448),
('2020-06-19',51300,135),
('2020-06-19',54000,186),
('2020-06-19',79200,296),
('2020-06-19',95661,473),
('2020-06-19',100350,293),
('2020-06-19',113400,658),
('2020-06-19',117720,1063),
('2020-06-19',132300,869),
('2020-06-19',141561,1062),
('2020-06-19',152100,267),
('2020-06-19',154285.2,97),
('2020-06-19',159750,78),
('2020-06-19',191250,1020),
('2020-06-19',213300,690),
('2020-06-19',252900,106),
('2020-06-19',337500,753),
('2020-06-19',368280,771),
('2020-06-19',489462.3,77),
('2020-06-20',65700,1006),
('2020-06-22',28800,272),
('2020-06-22',40410,447),
('2020-06-22',73557.9,254),
('2020-06-22',149400,537),
('2020-06-22',251100,890),
('2020-06-22',628425,993),
('2020-06-23',48780,481),
('2020-06-23',63000,540),
('2020-06-23',92700,394),
('2020-06-23',93600,1106),
('2020-06-23',118800,615),
('2020-06-23',124200,721),
('2020-06-23',126000,159),
('2020-06-23',141750,41),
('2020-06-23',159840,464),
('2020-06-23',202500,855),
('2020-06-23',260100,744),
('2020-06-23',327060,946),
('2020-06-24',111150,645),
('2020-06-24',115470,716),
('2020-06-24',146790,422),
('2020-06-24',157500,811),
('2020-06-24',163800,807),
('2020-06-24',189000,177),
('2020-06-24',193500,136),
('2020-06-24',198000,358),
('2020-06-24',198090,939),
('2020-06-24',223083,693),
('2020-06-24',328500,737),
('2020-06-24',741960,1028),
('2020-06-25',39150,299),
('2020-06-25',91805.4,845),
('2020-06-25',100800,639),
('2020-06-25',107550,23),
('2020-06-25',119700,187),
('2020-06-25',148050,520),
('2020-06-25',205200,1018),
('2020-06-25',233100,574),
('2020-06-25',234000,1097),
('2020-06-25',243000,1033),
('2020-06-25',864000,105),
('2020-06-26',36810,818),
('2020-06-26',40500,525),
('2020-06-26',67500,376),
('2020-06-26',92700,435),
('2020-06-26',94500,495),
('2020-06-26',131940,535),
('2020-06-26',136800,692),
('2020-06-26',139500,1059),
('2020-06-26',153000,602),
('2020-06-26',160920,1008),
('2020-06-26',174600,207),
('2020-06-26',206100,919),
('2020-06-26',246690,338),
('2020-06-26',341820,1021),
('2020-06-26',359100,801),
('2020-06-26',403038,817),
('2020-06-26',405900,586),
('2020-06-26',418500,110),
('2020-06-26',423000,146),
('2020-06-26',468000,587),
('2020-06-29',36000,346),
('2020-06-29',72000,84),
('2020-06-29',117000,513),
('2020-06-29',137700,1060),
('2020-06-29',153900,55),
('2020-06-29',161865,810),
('2020-06-29',189000,964),
('2020-06-29',194400,425),
('2020-06-29',202500,885),
('2020-06-29',226800,406),
('2020-06-29',283905,1014),
('2020-06-29',291150,428),
('2020-06-29',658890,326),
('2020-06-29',972000,763),
('2020-06-30',22365,524),
('2020-06-30',74808,24),
('2020-06-30',114750,1099),
('2020-06-30',151200,387),
('2020-06-30',175500,756),
('2020-06-30',191700,1103),
('2020-06-30',200700,108),
('2020-06-30',381600,145),
('2020-06-30',436500,1030),
('2020-06-30',816750,772),
('2020-06-30',1344216.6,851);
